UDALERRIA HAUTESKUNDE-EMAITZEN ZERRENDA;;;;;;;;;;;;;EAJ-PNV;EAJ-PNV;EAJ-PNV;PP;PP;PP;PH;PH;PH;PCTE / ELAK;PCTE / ELAK;PCTE / ELAK;PSE-EE/PSOE;PSE-EE/PSOE;PSE-EE/PSOE;PUM+J;PUM+J;PUM+J;O.E.;O.E.;O.E.;EH BILDU;EH BILDU;EH BILDU;VOX;VOX;VOX;EB-AZ;EB-AZ;EB-AZ;PACMA;PACMA;PACMA;PODEMOS-AHAL DUGU - ALIANZA VERDE;PODEMOS-AHAL DUGU - ALIANZA VERDE;PODEMOS-AHAL DUGU - ALIANZA VERDE;IZAN;IZAN;IZAN;SUMAR;SUMAR;SUMAR
LH;Udalerria;Udalerriaren kod.;Hauteskunde-oharra;Oharra;Errolda;Botoak;Baliogabeak;Baliodunak;Zuriak;Botoak hautagaitzei;Abstentzioa;B. Hautagaitzari;%B. Hautagaitzari;%B. Baliodunak;B. Hautagaitzari;%B. Hautagaitzari;%B. Baliodunak;B. Hautagaitzari;%B. Hautagaitzari;%B. Baliodunak;B. Hautagaitzari;%B. Hautagaitzari;%B. Baliodunak;B. Hautagaitzari;%B. Hautagaitzari;%B. Baliodunak;B. Hautagaitzari;%B. Hautagaitzari;%B. Baliodunak;B. Hautagaitzari;%B. Hautagaitzari;%B. Baliodunak;B. Hautagaitzari;%B. Hautagaitzari;%B. Baliodunak;B. Hautagaitzari;%B. Hautagaitzari;%B. Baliodunak;B. Hautagaitzari;%B. Hautagaitzari;%B. Baliodunak;B. Hautagaitzari;%B. Hautagaitzari;%B. Baliodunak;B. Hautagaitzari;%B. Hautagaitzari;%B. Baliodunak;B. Hautagaitzari;%B. Hautagaitzari;%B. Baliodunak;B. Hautagaitzari;%B. Hautagaitzari;%B. Baliodunak
Araba;AGURAIN/SALVATIERRA;	051;;;3621;2151;13;2138;24;2114;1470;683;32.31;31.95;89;4.21;4.16;;;;;;;133;6.29;6.22;1;0.05;0.05;0;0.0;0.0;1065;50.38;49.81;44;2.08;2.06;2;0.09;0.09;12;0.57;0.56;33;1.56;1.54;;;;52;2.46;2.43
Araba;ALEGR페-DULANTZI;	001;;;2128;1222;15;1207;13;1194;906;412;34.51;34.13;84;7.04;6.96;;;;;;;160;13.4;13.26;1;0.08;0.08;1;0.08;0.08;401;33.58;33.22;56;4.69;4.64;5;0.42;0.41;4;0.34;0.33;35;2.93;2.9;;;;35;2.93;2.9
Araba;AMURRIO;	002;;;7904;5334;48;5286;57;5229;2570;1922;36.76;36.36;273;5.22;5.16;;;;;;;539;10.31;10.2;2;0.04;0.04;7;0.13;0.13;2053;39.26;38.84;116;2.22;2.19;19;0.36;0.36;30;0.57;0.57;128;2.45;2.42;;;;140;2.68;2.65
Araba;A헤NA;	049;;;126;91;1;90;2;88;35;29;32.95;32.22;9;10.23;10.0;;;;;;;6;6.82;6.67;1;1.14;1.11;0;0.0;0.0;35;39.77;38.89;2;2.27;2.22;0;0.0;0.0;2;2.27;2.22;1;1.14;1.11;;;;3;3.41;3.33
Araba;ARAMAIO;	003;;;1138;715;28;687;6;681;423;198;29.07;28.82;2;0.29;0.29;;;;;;;16;2.35;2.33;1;0.15;0.15;1;0.15;0.15;415;60.94;60.41;5;0.73;0.73;1;0.15;0.15;2;0.29;0.29;23;3.38;3.35;;;;17;2.5;2.47
Araba;ARMI홥N;	006;;;193;112;5;107;2;105;81;35;33.33;32.71;18;17.14;16.82;;;;;;;11;10.48;10.28;0;0.0;0.0;0;0.0;0.0;26;24.76;24.3;10;9.52;9.35;1;0.95;0.93;1;0.95;0.93;0;0.0;0.0;;;;3;2.86;2.8
Araba;ARRAIA-MAEZTU;	037;;;632;420;8;412;7;405;212;171;42.22;41.5;47;11.6;11.41;;;;;;;14;3.46;3.4;0;0.0;0.0;0;0.0;0.0;144;35.56;34.95;8;1.98;1.94;0;0.0;0.0;1;0.25;0.24;13;3.21;3.16;;;;7;1.73;1.7
Araba;ARRATZUA-UBARRUNDIA;	008;;;849;516;8;508;6;502;333;168;33.47;33.07;53;10.56;10.43;;;;;;;56;11.16;11.02;1;0.2;0.2;0;0.0;0.0;185;36.85;36.42;14;2.79;2.76;4;0.8;0.79;2;0.4;0.39;8;1.59;1.57;;;;11;2.19;2.17
Araba;ARTZINIEGA;	004;;;1427;961;18;943;16;927;466;352;37.97;37.33;71;7.66;7.53;;;;;;;73;7.87;7.74;0;0.0;0.0;1;0.11;0.11;371;40.02;39.34;17;1.83;1.8;0;0.0;0.0;7;0.76;0.74;15;1.62;1.59;;;;20;2.16;2.12
Araba;ASPARRENA;	009;;;1282;865;6;859;6;853;417;259;30.36;30.15;19;2.23;2.21;;;;;;;57;6.68;6.64;1;0.12;0.12;3;0.35;0.35;460;53.93;53.55;11;1.29;1.28;2;0.23;0.23;3;0.35;0.35;19;2.23;2.21;;;;19;2.23;2.21
Araba;AYALA/AIARA;	010;;;2334;1545;31;1514;24;1490;789;621;41.68;41.02;73;4.9;4.82;;;;;;;93;6.24;6.14;4;0.27;0.26;0;0.0;0.0;610;40.94;40.29;27;1.81;1.78;3;0.2;0.2;5;0.34;0.33;21;1.41;1.39;;;;33;2.21;2.18
Araba;BA헲S DE EBRO/MA헷ETA;	011;;;223;167;7;160;5;155;56;69;44.52;43.12;56;36.13;35.0;;;;;;;12;7.74;7.5;0;0.0;0.0;0;0.0;0.0;7;4.52;4.38;8;5.16;5.0;1;0.65;0.62;0;0.0;0.0;0;0.0;0.0;;;;2;1.29;1.25
Araba;BARRUNDIA;	013;;;738;442;3;439;2;437;296;122;27.92;27.79;28;6.41;6.38;;;;;;;26;5.95;5.92;0;0.0;0.0;0;0.0;0.0;230;52.63;52.39;7;1.6;1.59;2;0.46;0.46;2;0.46;0.46;8;1.83;1.82;;;;12;2.75;2.73
Araba;BERANTEVILLA;	014;;;372;246;1;245;3;242;126;93;38.43;37.96;45;18.6;18.37;;;;;;;20;8.26;8.16;0;0.0;0.0;0;0.0;0.0;65;26.86;26.53;7;2.89;2.86;0;0.0;0.0;1;0.41;0.41;3;1.24;1.22;;;;8;3.31;3.27
Araba;BERNEDO;	016;;;456;234;1;233;5;228;222;69;30.26;29.61;29;12.72;12.45;;;;;;;23;10.09;9.87;1;0.44;0.43;0;0.0;0.0;88;38.6;37.77;2;0.88;0.86;1;0.44;0.43;3;1.32;1.29;4;1.75;1.72;;;;8;3.51;3.43
Araba;CAMPEZO/KANPEZU;	017;;;877;547;5;542;4;538;330;180;33.46;33.21;55;10.22;10.15;;;;;;;34;6.32;6.27;0;0.0;0.0;3;0.56;0.55;230;42.75;42.44;9;1.67;1.66;0;0.0;0.0;2;0.37;0.37;10;1.86;1.85;;;;15;2.79;2.77
Araba;ELBURGO/BURGELU;	021;;;511;295;6;289;3;286;216;110;38.46;38.06;45;15.73;15.57;;;;;;;16;5.59;5.54;2;0.7;0.69;0;0.0;0.0;75;26.22;25.95;22;7.69;7.61;2;0.7;0.69;4;1.4;1.38;4;1.4;1.38;;;;6;2.1;2.08
Araba;ELCIEGO;	022;;;724;498;13;485;3;482;226;152;31.54;31.34;105;21.78;21.65;;;;;;;113;23.44;23.3;1;0.21;0.21;0;0.0;0.0;75;15.56;15.46;10;2.07;2.06;2;0.41;0.41;0;0.0;0.0;10;2.07;2.06;;;;14;2.9;2.89
Araba;ELVILLAR/BILAR;	023;;;259;181;5;176;;176;78;88;50.0;50.0;31;17.61;17.61;;;;;;;6;3.41;3.41;0;0.0;0.0;0;0.0;0.0;45;25.57;25.57;3;1.7;1.7;0;0.0;0.0;1;0.57;0.57;1;0.57;0.57;;;;1;0.57;0.57
Araba;ERRIBERAGOITIA/RIBERA ALTA;	046;;;687;423;9;414;6;408;264;161;39.46;38.89;52;12.75;12.56;;;;;;;32;7.84;7.73;0;0.0;0.0;0;0.0;0.0;118;28.92;28.5;20;4.9;4.83;1;0.25;0.24;4;0.98;0.97;12;2.94;2.9;;;;8;1.96;1.93
Araba;HARANA/VALLE DE ARANA;	056;;;189;112;2;110;1;109;77;47;43.12;42.73;11;10.09;10.0;;;;;;;2;1.83;1.82;0;0.0;0.0;0;0.0;0.0;38;34.86;34.55;5;4.59;4.55;1;0.92;0.91;0;0.0;0.0;1;0.92;0.91;;;;4;3.67;3.64
Araba;IRU헤 OKA/IRU헤 DE OCA;	901;;;2590;1435;23;1412;11;1401;1155;350;24.98;24.79;213;15.2;15.08;;;;;;;297;21.2;21.03;2;0.14;0.14;0;0.0;0.0;371;26.48;26.27;76;5.42;5.38;9;0.64;0.64;11;0.79;0.78;26;1.86;1.84;;;;46;3.28;3.26
Araba;IRURAIZ-GAUNA;	027;;;467;271;6;265;4;261;196;86;32.95;32.45;24;9.2;9.06;;;;;;;17;6.51;6.42;1;0.38;0.38;1;0.38;0.38;111;42.53;41.89;5;1.92;1.89;0;0.0;0.0;1;0.38;0.38;8;3.07;3.02;;;;7;2.68;2.64
Araba;KRIPAN;	019;;;153;114;1;113;1;112;39;76;67.86;67.26;10;8.93;8.85;;;;;;;1;0.89;0.88;0;0.0;0.0;0;0.0;0.0;21;18.75;18.58;0;0.0;0.0;0;0.0;0.0;0;0.0;0.0;2;1.79;1.77;;;;2;1.79;1.77
Araba;KUARTANGO;	020;;;332;228;2;226;;226;104;75;33.19;33.19;18;7.96;7.96;;;;;;;6;2.65;2.65;0;0.0;0.0;0;0.0;0.0;111;49.12;49.12;6;2.65;2.65;2;0.88;0.88;2;0.88;0.88;2;0.88;0.88;;;;4;1.77;1.77
Araba;LABASTIDA/BASTIDA;	028;;;1150;703;11;692;5;687;447;148;21.54;21.39;166;24.16;23.99;;;;;;;96;13.97;13.87;1;0.15;0.14;0;0.0;0.0;220;32.02;31.79;22;3.2;3.18;1;0.15;0.14;1;0.15;0.14;18;2.62;2.6;;;;14;2.04;2.02
Araba;LAGR쳁;	030;;;148;103;;103;;103;45;34;33.01;33.01;21;20.39;20.39;;;;;;;3;2.91;2.91;0;0.0;0.0;0;0.0;0.0;35;33.98;33.98;2;1.94;1.94;1;0.97;0.97;1;0.97;0.97;1;0.97;0.97;;;;5;4.85;4.85
Araba;LAGUARDIA;	031;;;1117;826;14;812;6;806;291;243;30.15;29.93;248;30.77;30.54;;;;;;;58;7.2;7.14;0;0.0;0.0;0;0.0;0.0;216;26.8;26.6;26;3.23;3.2;1;0.12;0.12;2;0.25;0.25;7;0.87;0.86;;;;5;0.62;0.62
Araba;LANCIEGO/LANTZIEGO;	032;;;485;323;8;315;;315;162;131;41.59;41.59;41;13.02;13.02;;;;;;;57;18.1;18.1;0;0.0;0.0;0;0.0;0.0;78;24.76;24.76;3;0.95;0.95;1;0.32;0.32;1;0.32;0.32;2;0.63;0.63;;;;1;0.32;0.32
Araba;LANTAR흁;	902;;;764;420;4;416;1;415;344;139;33.49;33.41;89;21.45;21.39;;;;;;;46;11.08;11.06;0;0.0;0.0;4;0.96;0.96;105;25.3;25.24;10;2.41;2.4;1;0.24;0.24;2;0.48;0.48;6;1.45;1.44;;;;13;3.13;3.12
Araba;LAPUEBLA DE LABARCA;	033;;;635;445;6;439;7;432;190;216;50.0;49.2;64;14.81;14.58;;;;;;;39;9.03;8.88;1;0.23;0.23;0;0.0;0.0;88;20.37;20.05;12;2.78;2.73;3;0.69;0.68;3;0.69;0.68;1;0.23;0.23;;;;5;1.16;1.14
Araba;LAUDIO/LLODIO;	036;;;14417;9325;102;9223;90;9133;5092;3327;36.43;36.07;571;6.25;6.19;;;;;;;1112;12.18;12.06;10;0.11;0.11;10;0.11;0.11;3327;36.43;36.07;217;2.38;2.35;29;0.32;0.31;59;0.65;0.64;194;2.12;2.1;;;;277;3.03;3.0
Araba;LEGUTIO;	058;;;1494;852;7;845;9;836;642;223;26.67;26.39;49;5.86;5.8;;;;;;;71;8.49;8.4;0;0.0;0.0;2;0.24;0.24;429;51.32;50.77;16;1.91;1.89;0;0.0;0.0;1;0.12;0.12;25;2.99;2.96;;;;20;2.39;2.37
Araba;LEZA;	034;;;153;107;1;106;;106;46;38;35.85;35.85;5;4.72;4.72;;;;;;;19;17.92;17.92;0;0.0;0.0;0;0.0;0.0;38;35.85;35.85;0;0.0;0.0;0;0.0;0.0;0;0.0;0.0;3;2.83;2.83;;;;3;2.83;2.83
Araba;MOREDA DE 첿AVA/MOREDA ARABA;	039;;;185;129;;129;1;128;56;43;33.59;33.33;18;14.06;13.95;;;;;;;22;17.19;17.05;0;0.0;0.0;0;0.0;0.0;40;31.25;31.01;2;1.56;1.55;0;0.0;0.0;0;0.0;0.0;2;1.56;1.55;;;;1;0.78;0.78
Araba;MUNICIPIO CERA ARABA;	999;;;8532;;;;;;8532;0;0.0;0.0;0;0.0;0.0;;;;;;;0;0.0;0.0;0;0.0;0.0;0;0.0;0.0;0;0.0;0.0;0;0.0;0.0;0;0.0;0.0;0;0.0;0.0;0;0.0;0.0;;;;0;0.0;0.0
Araba;NAVARIDAS;	041;;;148;93;;93;2;91;55;42;46.15;45.16;29;31.87;31.18;;;;;;;3;3.3;3.23;0;0.0;0.0;0;0.0;0.0;9;9.89;9.68;3;3.3;3.23;1;1.1;1.08;0;0.0;0.0;1;1.1;1.08;;;;3;3.3;3.23
Araba;OKONDO;	042;;;937;677;4;673;13;660;260;347;52.58;51.56;20;3.03;2.97;;;;;;;14;2.12;2.08;2;0.3;0.3;3;0.45;0.45;248;37.58;36.85;3;0.45;0.45;2;0.3;0.3;1;0.15;0.15;6;0.91;0.89;;;;14;2.12;2.08
Araba;OY흁-OION;	043;;;2420;1322;21;1301;12;1289;1098;326;25.29;25.06;211;16.37;16.22;;;;;;;203;15.75;15.6;1;0.08;0.08;0;0.0;0.0;408;31.65;31.36;50;3.88;3.84;5;0.39;0.38;6;0.47;0.46;41;3.18;3.15;;;;38;2.95;2.92
Araba;PE헤CERRADA-URIZAHARRA;	044;;;261;167;2;165;2;163;94;41;25.15;24.85;17;10.43;10.3;;;;;;;23;14.11;13.94;0;0.0;0.0;0;0.0;0.0;64;39.26;38.79;5;3.07;3.03;1;0.61;0.61;1;0.61;0.61;8;4.91;4.85;;;;3;1.84;1.82
Araba;RIBERA BAJA/ERRIBERABEITIA;	047;;;1070;597;8;589;4;585;473;190;32.48;32.26;147;25.13;24.96;;;;;;;61;10.43;10.36;0;0.0;0.0;0;0.0;0.0;106;18.12;18.0;35;5.98;5.94;1;0.17;0.17;4;0.68;0.68;16;2.74;2.72;;;;25;4.27;4.24
Araba;SAMANIEGO;	052;;;212;169;1;168;;168;43;67;39.88;39.88;5;2.98;2.98;;;;;;;25;14.88;14.88;0;0.0;0.0;0;0.0;0.0;66;39.29;39.29;1;0.6;0.6;0;0.0;0.0;0;0.0;0.0;1;0.6;0.6;;;;3;1.79;1.79
Araba;SAN MILL쳁/DONEMILIAGA;	053;;;599;376;4;372;7;365;223;118;32.33;31.72;25;6.85;6.72;;;;;;;8;2.19;2.15;1;0.27;0.27;1;0.27;0.27;186;50.96;50.0;5;1.37;1.34;0;0.0;0.0;3;0.82;0.81;12;3.29;3.23;;;;6;1.64;1.61
Araba;URKABUSTAIZ;	054;;;1065;718;8;710;5;705;347;179;25.39;25.21;34;4.82;4.79;;;;;;;44;6.24;6.2;0;0.0;0.0;2;0.28;0.28;400;56.74;56.34;7;0.99;0.99;0;0.0;0.0;0;0.0;0.0;11;1.56;1.55;;;;28;3.97;3.94
Araba;VALDEGOV페/GAUBEA;	055;;;903;547;4;543;11;532;356;210;39.47;38.67;70;13.16;12.89;;;;;;;47;8.83;8.66;0;0.0;0.0;0;0.0;0.0;166;31.2;30.57;15;2.82;2.76;2;0.38;0.37;1;0.19;0.18;9;1.69;1.66;;;;12;2.26;2.21
Araba;VILLABUENA DE 첿AVA/ESKUERNAGA;	057;;;230;181;1;180;2;178;49;71;39.89;39.44;12;6.74;6.67;;;;;;;10;5.62;5.56;0;0.0;0.0;0;0.0;0.0;75;42.13;41.67;6;3.37;3.33;2;1.12;1.11;0;0.0;0.0;0;0.0;0.0;;;;2;1.12;1.11
Araba;VITORIA-GASTEIZ;	059;;;190280;114755;1133;113622;955;112667;75525;27444;24.36;24.15;20703;18.38;18.22;;;;;;;20831;18.49;18.33;254;0.23;0.22;142;0.13;0.12;29959;26.59;26.37;4610;4.09;4.06;564;0.5;0.5;762;0.68;0.67;2831;2.51;2.49;;;;4567;4.05;4.02
Araba;Y텎ORA/IEKORA;	060;;;202;145;3;142;1;141;57;70;49.65;49.3;34;24.11;23.94;;;;;;;9;6.38;6.34;0;0.0;0.0;0;0.0;0.0;22;15.6;15.49;2;1.42;1.41;0;0.0;0.0;0;0.0;0.0;1;0.71;0.7;;;;3;2.13;2.11
Araba;ZALDUONDO;	061;;;171;146;;146;3;143;25;44;30.77;30.14;2;1.4;1.37;;;;;;;8;5.59;5.48;2;1.4;1.37;0;0.0;0.0;75;52.45;51.37;1;0.7;0.68;1;0.7;0.68;3;2.1;2.05;3;2.1;2.05;;;;4;2.8;2.74
Araba;ZAMBRANA;	062;;;357;184;2;182;2;180;173;42;23.33;23.08;42;23.33;23.08;;;;;;;28;15.56;15.38;0;0.0;0.0;0;0.0;0.0;41;22.78;22.53;13;7.22;7.14;1;0.56;0.55;3;1.67;1.65;3;1.67;1.65;;;;7;3.89;3.85
Araba;ZIGOITIA;	018;;;1477;915;11;904;10;894;562;239;26.73;26.44;101;11.3;11.17;;;;;;;68;7.61;7.52;0;0.0;0.0;0;0.0;0.0;389;43.51;43.03;28;3.13;3.1;4;0.45;0.44;7;0.78;0.77;30;3.36;3.32;;;;28;3.13;3.1
Araba;ZUIA;	063;;;1999;1312;8;1304;9;1295;687;439;33.9;33.67;114;8.8;8.74;;;;;;;115;8.88;8.82;4;0.31;0.31;0;0.0;0.0;512;39.54;39.26;39;3.01;2.99;3;0.23;0.23;5;0.39;0.38;25;1.93;1.92;;;;39;3.01;2.99
Bizkaia;ABADI헲;	001;;;5955;3723;31;3692;22;3670;2232;1272;34.66;34.45;178;4.85;4.82;4;0.11;0.11;1;0.03;0.03;445;12.13;12.05;2;0.05;0.05;;;;1505;41.01;40.76;58;1.58;1.57;5;0.14;0.14;16;0.44;0.43;97;2.64;2.63;9;0.25;0.24;78;2.13;2.11
Bizkaia;ABANTO Y CIRVANA-ABANTO ZIERBENA;	002;;;7793;4835;68;4767;57;4710;2958;1782;37.83;37.38;153;3.25;3.21;4;0.08;0.08;2;0.04;0.04;749;15.9;15.71;5;0.11;0.1;;;;1628;34.56;34.15;72;1.53;1.51;12;0.25;0.25;22;0.47;0.46;114;2.42;2.39;7;0.15;0.15;160;3.4;3.36
Bizkaia;AJANGIZ;	911;;;394;287;2;285;2;283;107;75;26.5;26.32;1;0.35;0.35;0;0.0;0.0;1;0.35;0.35;1;0.35;0.35;0;0.0;0.0;;;;199;70.32;69.82;0;0.0;0.0;0;0.0;0.0;2;0.71;0.7;2;0.71;0.7;0;0.0;0.0;2;0.71;0.7
Bizkaia;ALONSOTEGI;	912;;;2360;1609;17;1592;25;1567;751;634;40.46;39.82;47;3.0;2.95;0;0.0;0.0;1;0.06;0.06;131;8.36;8.23;2;0.13;0.13;;;;650;41.48;40.83;32;2.04;2.01;1;0.06;0.06;3;0.19;0.19;30;1.91;1.88;0;0.0;0.0;36;2.3;2.26
Bizkaia;AMOREBIETA-ETXANO;	003;;;14672;9936;63;9873;71;9802;4736;4011;40.92;40.63;283;2.89;2.87;9;0.09;0.09;10;0.1;0.1;926;9.45;9.38;10;0.1;0.1;;;;3918;39.97;39.68;95;0.97;0.96;19;0.19;0.19;56;0.57;0.57;214;2.18;2.17;15;0.15;0.15;236;2.41;2.39
Bizkaia;AMOROTO;	004;;;327;228;;228;1;227;99;84;37.0;36.84;0;0.0;0.0;0;0.0;0.0;0;0.0;0.0;1;0.44;0.44;0;0.0;0.0;;;;140;61.67;61.4;0;0.0;0.0;0;0.0;0.0;0;0.0;0.0;0;0.0;0.0;0;0.0;0.0;2;0.88;0.88
Bizkaia;ARAKALDO;	005;;;123;73;1;72;;72;50;29;40.28;40.28;0;0.0;0.0;0;0.0;0.0;0;0.0;0.0;5;6.94;6.94;0;0.0;0.0;;;;30;41.67;41.67;3;4.17;4.17;0;0.0;0.0;0;0.0;0.0;0;0.0;0.0;0;0.0;0.0;5;6.94;6.94
Bizkaia;ARANTZAZU;	006;;;301;241;2;239;4;235;60;68;28.94;28.45;2;0.85;0.84;0;0.0;0.0;0;0.0;0.0;7;2.98;2.93;0;0.0;0.0;;;;148;62.98;61.92;0;0.0;0.0;0;0.0;0.0;1;0.43;0.42;5;2.13;2.09;0;0.0;0.0;4;1.7;1.67
Bizkaia;AREATZA;	093;;;891;669;5;664;3;661;222;248;37.52;37.35;23;3.48;3.46;0;0.0;0.0;1;0.15;0.15;22;3.33;3.31;1;0.15;0.15;;;;342;51.74;51.51;7;1.06;1.05;0;0.0;0.0;1;0.15;0.15;3;0.45;0.45;3;0.45;0.45;10;1.51;1.51
Bizkaia;ARRANKUDIAGA;	009;;;792;592;3;589;11;578;200;231;39.97;39.22;7;1.21;1.19;0;0.0;0.0;0;0.0;0.0;11;1.9;1.87;0;0.0;0.0;;;;308;53.29;52.29;3;0.52;0.51;0;0.0;0.0;2;0.35;0.34;7;1.21;1.19;2;0.35;0.34;7;1.21;1.19
Bizkaia;ARRATZU;	914;;;337;272;;272;1;271;65;136;50.18;50.0;0;0.0;0.0;0;0.0;0.0;0;0.0;0.0;3;1.11;1.1;0;0.0;0.0;;;;126;46.49;46.32;1;0.37;0.37;0;0.0;0.0;0;0.0;0.0;1;0.37;0.37;0;0.0;0.0;4;1.48;1.47
Bizkaia;ARRIETA;	010;;;483;342;1;341;3;338;141;157;46.45;46.04;2;0.59;0.59;0;0.0;0.0;0;0.0;0.0;8;2.37;2.35;0;0.0;0.0;;;;153;45.27;44.87;2;0.59;0.59;2;0.59;0.59;1;0.3;0.29;6;1.78;1.76;0;0.0;0.0;7;2.07;2.05
Bizkaia;ARRIGORRIAGA;	011;;;9516;6102;53;6049;71;5978;3414;2388;39.95;39.48;266;4.45;4.4;15;0.25;0.25;4;0.07;0.07;742;12.41;12.27;12;0.2;0.2;;;;2014;33.69;33.29;102;1.71;1.69;14;0.23;0.23;31;0.52;0.51;135;2.26;2.23;7;0.12;0.12;248;4.15;4.1
Bizkaia;ARTEA;	023;;;587;457;9;448;1;447;130;200;44.74;44.64;8;1.79;1.79;0;0.0;0.0;0;0.0;0.0;5;1.12;1.12;1;0.22;0.22;;;;216;48.32;48.21;2;0.45;0.45;2;0.45;0.45;1;0.22;0.22;7;1.57;1.56;0;0.0;0.0;5;1.12;1.12
Bizkaia;ARTZENTALES;	008;;;627;415;4;411;7;404;212;192;47.52;46.72;10;2.48;2.43;0;0.0;0.0;0;0.0;0.0;13;3.22;3.16;0;0.0;0.0;;;;140;34.65;34.06;5;1.24;1.22;2;0.5;0.49;3;0.74;0.73;16;3.96;3.89;11;2.72;2.68;12;2.97;2.92
Bizkaia;ATXONDO;	091;;;1091;711;8;703;9;694;380;268;38.62;38.12;15;2.16;2.13;0;0.0;0.0;0;0.0;0.0;43;6.2;6.12;0;0.0;0.0;;;;355;51.15;50.5;1;0.14;0.14;0;0.0;0.0;1;0.14;0.14;3;0.43;0.43;0;0.0;0.0;8;1.15;1.14
Bizkaia;AULESTI;	070;;;517;346;;346;2;344;171;94;27.33;27.17;5;1.45;1.45;0;0.0;0.0;0;0.0;0.0;2;0.58;0.58;0;0.0;0.0;;;;223;64.83;64.45;0;0.0;0.0;1;0.29;0.29;0;0.0;0.0;1;0.29;0.29;17;4.94;4.91;1;0.29;0.29
Bizkaia;BAKIO;	012;;;2236;1629;9;1620;18;1602;607;709;44.26;43.77;36;2.25;2.22;0;0.0;0.0;0;0.0;0.0;46;2.87;2.84;4;0.25;0.25;;;;743;46.38;45.86;10;0.62;0.62;3;0.19;0.19;5;0.31;0.31;19;1.19;1.17;2;0.12;0.12;25;1.56;1.54
Bizkaia;BALMASEDA;	090;;;5889;4011;64;3947;30;3917;1878;1938;49.48;49.1;172;4.39;4.36;4;0.1;0.1;7;0.18;0.18;524;13.38;13.28;8;0.2;0.2;;;;1001;25.56;25.36;54;1.38;1.37;17;0.43;0.43;10;0.26;0.25;57;1.46;1.44;18;0.46;0.46;107;2.73;2.71
Bizkaia;BARAKALDO;	013;;;78165;46236;378;45858;510;45348;31929;16422;36.21;35.81;4020;8.86;8.77;48;0.11;0.1;77;0.17;0.17;9717;21.43;21.19;74;0.16;0.16;;;;10146;22.37;22.12;1133;2.5;2.47;120;0.26;0.26;275;0.61;0.6;1146;2.53;2.5;62;0.14;0.14;2108;4.65;4.6
Bizkaia;BARRIKA;	014;;;1249;795;8;787;11;776;454;329;42.4;41.8;58;7.47;7.37;0;0.0;0.0;0;0.0;0.0;67;8.63;8.51;0;0.0;0.0;;;;273;35.18;34.69;14;1.8;1.78;0;0.0;0.0;3;0.39;0.38;17;2.19;2.16;2;0.26;0.25;13;1.68;1.65
Bizkaia;BASAURI;	015;;;32377;19482;124;19358;150;19208;12895;7469;38.88;38.58;1428;7.43;7.38;37;0.19;0.19;34;0.18;0.18;3779;19.67;19.52;18;0.09;0.09;;;;4760;24.78;24.59;418;2.18;2.16;24;0.12;0.12;102;0.53;0.53;451;2.35;2.33;27;0.14;0.14;661;3.44;3.41
Bizkaia;BEDIA;	092;;;893;615;6;609;6;603;278;342;56.72;56.16;26;4.31;4.27;0;0.0;0.0;0;0.0;0.0;27;4.48;4.43;1;0.17;0.16;;;;188;31.18;30.87;5;0.83;0.82;2;0.33;0.33;1;0.17;0.16;3;0.5;0.49;0;0.0;0.0;8;1.33;1.31
Bizkaia;BERANGO;	016;;;5919;3917;27;3890;41;3849;2002;1642;42.66;42.21;394;10.24;10.13;0;0.0;0.0;4;0.1;0.1;392;10.18;10.08;2;0.05;0.05;;;;1101;28.6;28.3;58;1.51;1.49;7;0.18;0.18;24;0.62;0.62;87;2.26;2.24;7;0.18;0.18;131;3.4;3.37
Bizkaia;BERMEO;	017;;;13032;8259;54;8205;56;8149;4773;3845;47.18;46.86;96;1.18;1.17;8;0.1;0.1;4;0.05;0.05;341;4.18;4.16;5;0.06;0.06;;;;3502;42.97;42.68;57;0.7;0.69;16;0.2;0.2;27;0.33;0.33;103;1.26;1.26;18;0.22;0.22;127;1.56;1.55
Bizkaia;BERRIATUA;	018;;;879;543;4;539;7;532;336;207;38.91;38.4;2;0.38;0.37;0;0.0;0.0;0;0.0;0.0;5;0.94;0.93;0;0.0;0.0;;;;310;58.27;57.51;0;0.0;0.0;0;0.0;0.0;2;0.38;0.37;5;0.94;0.93;0;0.0;0.0;1;0.19;0.19
Bizkaia;BERRIZ;	019;;;3426;2236;24;2212;22;2190;1190;807;36.85;36.48;85;3.88;3.84;1;0.05;0.05;4;0.18;0.18;228;10.41;10.31;4;0.18;0.18;;;;892;40.73;40.33;26;1.19;1.18;0;0.0;0.0;14;0.64;0.63;74;3.38;3.35;0;0.0;0.0;55;2.51;2.49
Bizkaia;BILBAO;	020;;;267386;164927;977;163950;1598;162352;102459;64204;39.55;39.16;20827;12.83;12.7;138;0.09;0.08;182;0.11;0.11;24288;14.96;14.81;413;0.25;0.25;;;;36438;22.44;22.23;4039;2.49;2.46;439;0.27;0.27;890;0.55;0.54;4015;2.47;2.45;177;0.11;0.11;6302;3.88;3.84
Bizkaia;BUSTURIA;	021;;;1341;886;7;879;5;874;455;390;44.62;44.37;25;2.86;2.84;0;0.0;0.0;0;0.0;0.0;46;5.26;5.23;2;0.23;0.23;;;;378;43.25;43.0;4;0.46;0.46;0;0.0;0.0;3;0.34;0.34;11;1.26;1.25;0;0.0;0.0;15;1.72;1.71
Bizkaia;DERIO;	901;;;5476;3634;34;3600;40;3560;1842;1390;39.04;38.61;225;6.32;6.25;9;0.25;0.25;1;0.03;0.03;545;15.31;15.14;6;0.17;0.17;;;;1095;30.76;30.42;56;1.57;1.56;10;0.28;0.28;15;0.42;0.42;58;1.63;1.61;5;0.14;0.14;145;4.07;4.03
Bizkaia;DIMA;	026;;;1202;892;8;884;6;878;310;277;31.55;31.33;10;1.14;1.13;0;0.0;0.0;0;0.0;0.0;12;1.37;1.36;0;0.0;0.0;;;;547;62.3;61.88;4;0.46;0.45;0;0.0;0.0;2;0.23;0.23;12;1.37;1.36;4;0.46;0.45;10;1.14;1.13
Bizkaia;DURANGO;	027;;;22738;15045;110;14935;143;14792;7693;5559;37.58;37.22;963;6.51;6.45;12;0.08;0.08;13;0.09;0.09;1509;10.2;10.1;20;0.14;0.13;;;;5600;37.86;37.5;171;1.16;1.14;33;0.22;0.22;53;0.36;0.35;422;2.85;2.83;22;0.15;0.15;415;2.81;2.78
Bizkaia;EA;	028;;;695;525;1;524;13;511;170;200;39.14;38.17;5;0.98;0.95;0;0.0;0.0;0;0.0;0.0;6;1.17;1.15;1;0.2;0.19;;;;286;55.97;54.58;2;0.39;0.38;1;0.2;0.19;1;0.2;0.19;7;1.37;1.34;0;0.0;0.0;2;0.39;0.38
Bizkaia;ELANTXOBE;	031;;;291;201;1;200;1;199;90;91;45.73;45.5;3;1.51;1.5;0;0.0;0.0;0;0.0;0.0;1;0.5;0.5;0;0.0;0.0;;;;101;50.75;50.5;1;0.5;0.5;0;0.0;0.0;0;0.0;0.0;0;0.0;0.0;0;0.0;0.0;2;1.01;1.0
Bizkaia;ELORRIO;	032;;;5686;3841;30;3811;37;3774;1845;1349;35.74;35.4;169;4.48;4.43;1;0.03;0.03;1;0.03;0.03;286;7.58;7.5;0;0.0;0.0;;;;1750;46.37;45.92;20;0.53;0.52;2;0.05;0.05;8;0.21;0.21;107;2.84;2.81;9;0.24;0.24;72;1.91;1.89
Bizkaia;ERANDIO;	902;;;19159;11488;110;11378;95;11283;7671;4454;39.48;39.15;653;5.79;5.74;20;0.18;0.18;15;0.13;0.13;2018;17.89;17.74;20;0.18;0.18;;;;3151;27.93;27.69;213;1.89;1.87;29;0.26;0.25;93;0.82;0.82;239;2.12;2.1;28;0.25;0.25;350;3.1;3.08
Bizkaia;ERE헲;	033;;;224;171;3;168;;168;53;76;45.24;45.24;4;2.38;2.38;0;0.0;0.0;0;0.0;0.0;3;1.79;1.79;0;0.0;0.0;;;;76;45.24;45.24;1;0.6;0.6;0;0.0;0.0;1;0.6;0.6;3;1.79;1.79;1;0.6;0.6;3;1.79;1.79
Bizkaia;ERMUA;	034;;;12324;7674;59;7615;67;7548;4650;2081;27.57;27.33;865;11.46;11.36;13;0.17;0.17;36;0.48;0.47;1837;24.34;24.12;8;0.11;0.11;;;;1804;23.9;23.69;179;2.37;2.35;21;0.28;0.28;46;0.61;0.6;219;2.9;2.88;8;0.11;0.11;431;5.71;5.66
Bizkaia;ERRIGOITI;	079;;;407;304;5;299;2;297;103;147;49.49;49.16;0;0.0;0.0;1;0.34;0.33;0;0.0;0.0;5;1.68;1.67;0;0.0;0.0;;;;139;46.8;46.49;0;0.0;0.0;0;0.0;0.0;0;0.0;0.0;2;0.67;0.67;0;0.0;0.0;3;1.01;1.0
Bizkaia;ETXEBARRI;	029;;;9068;5711;37;5674;67;5607;3357;2320;41.38;40.89;454;8.1;8.0;8;0.14;0.14;5;0.09;0.09;976;17.41;17.2;7;0.12;0.12;;;;1214;21.65;21.4;157;2.8;2.77;34;0.61;0.6;43;0.77;0.76;132;2.35;2.33;7;0.12;0.12;250;4.46;4.41
Bizkaia;ETXEBARRIA;	030;;;567;427;3;424;7;417;140;198;47.48;46.7;3;0.72;0.71;0;0.0;0.0;1;0.24;0.24;4;0.96;0.94;0;0.0;0.0;;;;201;48.2;47.41;0;0.0;0.0;0;0.0;0.0;1;0.24;0.24;2;0.48;0.47;2;0.48;0.47;5;1.2;1.18
Bizkaia;FORUA;	906;;;762;576;3;573;5;568;186;248;43.66;43.28;12;2.11;2.09;0;0.0;0.0;0;0.0;0.0;21;3.7;3.66;1;0.18;0.17;;;;262;46.13;45.72;3;0.53;0.52;1;0.18;0.17;0;0.0;0.0;11;1.94;1.92;0;0.0;0.0;9;1.58;1.57
Bizkaia;FRUIZ;	035;;;433;337;3;334;3;331;96;147;44.41;44.01;8;2.42;2.4;0;0.0;0.0;1;0.3;0.3;3;0.91;0.9;0;0.0;0.0;;;;150;45.32;44.91;5;1.51;1.5;1;0.3;0.3;3;0.91;0.9;7;2.11;2.1;0;0.0;0.0;6;1.81;1.8
Bizkaia;GALDAKAO;	036;;;23951;14889;90;14799;141;14658;9062;5506;37.56;37.21;837;5.71;5.66;12;0.08;0.08;16;0.11;0.11;1911;13.04;12.91;20;0.14;0.14;;;;5191;35.41;35.08;263;1.79;1.78;40;0.27;0.27;66;0.45;0.45;346;2.36;2.34;19;0.13;0.13;431;2.94;2.91
Bizkaia;GALDAMES;	037;;;682;486;10;476;4;472;196;232;49.15;48.74;9;1.91;1.89;0;0.0;0.0;0;0.0;0.0;25;5.3;5.25;0;0.0;0.0;;;;178;37.71;37.39;3;0.64;0.63;2;0.42;0.42;3;0.64;0.63;9;1.91;1.89;0;0.0;0.0;11;2.33;2.31
Bizkaia;GAMIZ-FIKA;	038;;;1156;861;7;854;7;847;295;428;50.53;50.12;21;2.48;2.46;1;0.12;0.12;0;0.0;0.0;31;3.66;3.63;0;0.0;0.0;;;;337;39.79;39.46;5;0.59;0.59;1;0.12;0.12;2;0.24;0.23;11;1.3;1.29;2;0.24;0.23;8;0.94;0.94
Bizkaia;GARAI;	039;;;272;244;2;242;;242;28;117;48.35;48.35;7;2.89;2.89;0;0.0;0.0;0;0.0;0.0;7;2.89;2.89;0;0.0;0.0;;;;100;41.32;41.32;4;1.65;1.65;0;0.0;0.0;0;0.0;0.0;5;2.07;2.07;0;0.0;0.0;2;0.83;0.83
Bizkaia;GATIKA;	040;;;1303;882;5;877;11;866;421;430;49.65;49.03;21;2.42;2.39;0;0.0;0.0;1;0.12;0.11;33;3.81;3.76;0;0.0;0.0;;;;334;38.57;38.08;5;0.58;0.57;0;0.0;0.0;6;0.69;0.68;11;1.27;1.25;11;1.27;1.25;14;1.62;1.6
Bizkaia;GAUTEGIZ ARTEAGA;	041;;;723;570;4;566;9;557;153;260;46.68;45.94;10;1.8;1.77;0;0.0;0.0;0;0.0;0.0;14;2.51;2.47;0;0.0;0.0;;;;248;44.52;43.82;4;0.72;0.71;0;0.0;0.0;0;0.0;0.0;10;1.8;1.77;1;0.18;0.18;10;1.8;1.77
Bizkaia;GERNIKA-LUMO;	046;;;12545;8594;60;8534;63;8471;3951;3514;41.48;41.18;206;2.43;2.41;4;0.05;0.05;4;0.05;0.05;567;6.69;6.64;2;0.02;0.02;;;;3800;44.86;44.53;55;0.65;0.64;16;0.19;0.19;27;0.32;0.32;111;1.31;1.3;18;0.21;0.21;147;1.74;1.72
Bizkaia;GETXO;	044;;;60510;41680;173;41507;411;41096;18830;16237;39.51;39.12;8820;21.46;21.25;23;0.06;0.06;43;0.1;0.1;4345;10.57;10.47;46;0.11;0.11;;;;8571;20.86;20.65;934;2.27;2.25;76;0.18;0.18;155;0.38;0.37;723;1.76;1.74;45;0.11;0.11;1078;2.62;2.6
Bizkaia;GIZABURUAGA;	047;;;139;101;;101;1;100;38;27;27.0;26.73;0;0.0;0.0;0;0.0;0.0;0;0.0;0.0;0;0.0;0.0;0;0.0;0.0;;;;66;66.0;65.35;0;0.0;0.0;0;0.0;0.0;0;0.0;0.0;5;5.0;4.95;0;0.0;0.0;2;2.0;1.98
Bizkaia;GORDEXOLA;	042;;;1387;1036;9;1027;10;1017;351;550;54.08;53.55;70;6.88;6.82;1;0.1;0.1;0;0.0;0.0;65;6.39;6.33;1;0.1;0.1;;;;256;25.17;24.93;12;1.18;1.17;2;0.2;0.19;6;0.59;0.58;18;1.77;1.75;1;0.1;0.1;35;3.44;3.41
Bizkaia;GORLIZ;	043;;;4852;3240;17;3223;32;3191;1612;1430;44.81;44.37;182;5.7;5.65;0;0.0;0.0;3;0.09;0.09;217;6.8;6.73;2;0.06;0.06;;;;1115;34.94;34.6;33;1.03;1.02;7;0.22;0.22;20;0.63;0.62;66;2.07;2.05;6;0.19;0.19;110;3.45;3.41
Bizkaia;G㏊헨S;	045;;;5246;3595;52;3543;35;3508;1651;1617;46.09;45.64;145;4.13;4.09;3;0.09;0.08;6;0.17;0.17;322;9.18;9.09;14;0.4;0.4;;;;1160;33.07;32.74;45;1.28;1.27;8;0.23;0.23;17;0.48;0.48;56;1.6;1.58;6;0.17;0.17;109;3.11;3.08
Bizkaia;IBARRANGELU;	048;;;589;438;1;437;3;434;151;170;39.17;38.9;8;1.84;1.83;0;0.0;0.0;0;0.0;0.0;14;3.23;3.2;2;0.46;0.46;;;;223;51.38;51.03;3;0.69;0.69;0;0.0;0.0;2;0.46;0.46;4;0.92;0.92;1;0.23;0.23;7;1.61;1.6
Bizkaia;IGORRE;	094;;;3059;2157;22;2135;9;2126;902;979;46.05;45.85;34;1.6;1.59;0;0.0;0.0;0;0.0;0.0;78;3.67;3.65;3;0.14;0.14;;;;951;44.73;44.54;18;0.85;0.84;4;0.19;0.19;11;0.52;0.52;28;1.32;1.31;0;0.0;0.0;20;0.94;0.94
Bizkaia;ISPASTER;	049;;;566;434;4;430;4;426;132;190;44.6;44.19;2;0.47;0.47;1;0.23;0.23;1;0.23;0.23;3;0.7;0.7;0;0.0;0.0;;;;216;50.7;50.23;2;0.47;0.47;0;0.0;0.0;4;0.94;0.93;2;0.47;0.47;1;0.23;0.23;4;0.94;0.93
Bizkaia;IURRETA;	910;;;2890;1859;14;1845;16;1829;1031;694;37.94;37.62;89;4.87;4.82;1;0.05;0.05;1;0.05;0.05;230;12.58;12.47;1;0.05;0.05;;;;707;38.66;38.32;21;1.15;1.14;1;0.05;0.05;3;0.16;0.16;33;1.8;1.79;4;0.22;0.22;44;2.41;2.38
Bizkaia;IZURTZA;	050;;;163;125;1;124;;124;38;51;41.13;41.13;0;0.0;0.0;0;0.0;0.0;0;0.0;0.0;2;1.61;1.61;0;0.0;0.0;;;;70;56.45;56.45;0;0.0;0.0;0;0.0;0.0;0;0.0;0.0;1;0.81;0.81;0;0.0;0.0;0;0.0;0.0
Bizkaia;KARRANTZA HARANA/VALLE DE CARRANZA;	022;;;2235;1367;14;1353;13;1340;868;743;55.45;54.92;38;2.84;2.81;2;0.15;0.15;0;0.0;0.0;80;5.97;5.91;1;0.07;0.07;;;;424;31.64;31.34;15;1.12;1.11;3;0.22;0.22;2;0.15;0.15;19;1.42;1.4;3;0.22;0.22;10;0.75;0.74
Bizkaia;KORTEZUBI;	907;;;351;284;5;279;;279;67;136;48.75;48.75;0;0.0;0.0;0;0.0;0.0;0;0.0;0.0;5;1.79;1.79;0;0.0;0.0;;;;135;48.39;48.39;0;0.0;0.0;0;0.0;0.0;0;0.0;0.0;1;0.36;0.36;0;0.0;0.0;2;0.72;0.72
Bizkaia;LANESTOSA;	051;;;215;141;1;140;2;138;74;65;47.1;46.43;8;5.8;5.71;0;0.0;0.0;0;0.0;0.0;11;7.97;7.86;0;0.0;0.0;;;;42;30.43;30.0;2;1.45;1.43;0;0.0;0.0;0;0.0;0.0;5;3.62;3.57;1;0.72;0.71;4;2.9;2.86
Bizkaia;LARRABETZU;	052;;;1597;1192;12;1180;5;1175;405;388;33.02;32.88;17;1.45;1.44;0;0.0;0.0;0;0.0;0.0;17;1.45;1.44;0;0.0;0.0;;;;697;59.32;59.07;8;0.68;0.68;7;0.6;0.59;2;0.17;0.17;17;1.45;1.44;4;0.34;0.34;18;1.53;1.53
Bizkaia;LAUKIZ;	053;;;976;732;8;724;9;715;244;401;56.08;55.39;87;12.17;12.02;0;0.0;0.0;1;0.14;0.14;35;4.9;4.83;1;0.14;0.14;;;;168;23.5;23.2;8;1.12;1.1;1;0.14;0.14;5;0.7;0.69;1;0.14;0.14;0;0.0;0.0;7;0.98;0.97
Bizkaia;LEIOA;	054;;;25463;16394;121;16273;172;16101;9069;6560;40.74;40.31;1806;11.22;11.1;6;0.04;0.04;10;0.06;0.06;2368;14.71;14.55;30;0.19;0.18;;;;3733;23.18;22.94;356;2.21;2.19;34;0.21;0.21;78;0.48;0.48;411;2.55;2.53;14;0.09;0.09;695;4.32;4.27
Bizkaia;LEKEITIO;	057;;;5719;4105;20;4085;33;4052;1614;1531;37.78;37.48;29;0.72;0.71;1;0.02;0.02;0;0.0;0.0;63;1.55;1.54;0;0.0;0.0;;;;2305;56.89;56.43;8;0.2;0.2;3;0.07;0.07;3;0.07;0.07;61;1.51;1.49;1;0.02;0.02;47;1.16;1.15
Bizkaia;LEMOA;	055;;;2593;1758;25;1733;14;1719;835;791;46.02;45.64;62;3.61;3.58;1;0.06;0.06;1;0.06;0.06;90;5.24;5.19;3;0.17;0.17;;;;676;39.33;39.01;24;1.4;1.38;4;0.23;0.23;7;0.41;0.4;30;1.75;1.73;3;0.17;0.17;27;1.57;1.56
Bizkaia;LEMOIZ;	056;;;1051;747;10;737;8;729;304;319;43.76;43.28;19;2.61;2.58;0;0.0;0.0;0;0.0;0.0;22;3.02;2.99;0;0.0;0.0;;;;322;44.17;43.69;4;0.55;0.54;1;0.14;0.14;8;1.1;1.09;10;1.37;1.36;3;0.41;0.41;21;2.88;2.85
Bizkaia;LEZAMA;	081;;;1932;1427;12;1415;17;1398;505;771;55.15;54.49;30;2.15;2.12;3;0.21;0.21;0;0.0;0.0;74;5.29;5.23;0;0.0;0.0;;;;446;31.9;31.52;15;1.07;1.06;4;0.29;0.28;3;0.21;0.21;15;1.07;1.06;3;0.21;0.21;34;2.43;2.4
Bizkaia;LOIU;	903;;;1842;1315;14;1301;7;1294;527;749;57.88;57.57;123;9.51;9.45;0;0.0;0.0;0;0.0;0.0;65;5.02;5.0;1;0.08;0.08;;;;287;22.18;22.06;17;1.31;1.31;4;0.31;0.31;8;0.62;0.61;7;0.54;0.54;2;0.15;0.15;31;2.4;2.38
Bizkaia;MALLABIA;	058;;;919;630;6;624;2;622;289;224;36.01;35.9;11;1.77;1.76;0;0.0;0.0;0;0.0;0.0;37;5.95;5.93;0;0.0;0.0;;;;324;52.09;51.92;2;0.32;0.32;0;0.0;0.0;2;0.32;0.32;11;1.77;1.76;0;0.0;0.0;11;1.77;1.76
Bizkaia;MA헤RIA;	059;;;407;296;1;295;3;292;111;128;43.84;43.39;6;2.05;2.03;0;0.0;0.0;0;0.0;0.0;3;1.03;1.02;0;0.0;0.0;;;;154;52.74;52.2;0;0.0;0.0;0;0.0;0.0;0;0.0;0.0;0;0.0;0.0;0;0.0;0.0;1;0.34;0.34
Bizkaia;MARKINA-XEMEIN;	060;;;3616;2333;8;2325;19;2306;1283;1015;44.02;43.66;33;1.43;1.42;0;0.0;0.0;0;0.0;0.0;45;1.95;1.94;0;0.0;0.0;;;;1135;49.22;48.82;9;0.39;0.39;3;0.13;0.13;1;0.04;0.04;25;1.08;1.08;8;0.35;0.34;32;1.39;1.38
Bizkaia;MARURI-JATABE;	061;;;858;610;9;601;6;595;248;285;47.9;47.42;26;4.37;4.33;0;0.0;0.0;1;0.17;0.17;24;4.03;3.99;0;0.0;0.0;;;;207;34.79;34.44;8;1.34;1.33;1;0.17;0.17;4;0.67;0.67;20;3.36;3.33;4;0.67;0.67;15;2.52;2.5
Bizkaia;MENDATA;	062;;;309;244;7;237;5;232;65;100;43.1;42.19;3;1.29;1.27;0;0.0;0.0;0;0.0;0.0;2;0.86;0.84;0;0.0;0.0;;;;119;51.29;50.21;0;0.0;0.0;0;0.0;0.0;0;0.0;0.0;2;0.86;0.84;0;0.0;0.0;6;2.59;2.53
Bizkaia;MENDEXA;	063;;;346;247;3;244;2;242;99;87;35.95;35.66;0;0.0;0.0;1;0.41;0.41;0;0.0;0.0;4;1.65;1.64;0;0.0;0.0;;;;137;56.61;56.15;0;0.0;0.0;0;0.0;0.0;2;0.83;0.82;3;1.24;1.23;0;0.0;0.0;8;3.31;3.28
Bizkaia;ME헤KA;	064;;;632;467;1;466;4;462;165;172;37.23;36.91;11;2.38;2.36;0;0.0;0.0;0;0.0;0.0;8;1.73;1.72;1;0.22;0.21;;;;259;56.06;55.58;1;0.22;0.21;0;0.0;0.0;0;0.0;0.0;1;0.22;0.21;4;0.87;0.86;5;1.08;1.07
Bizkaia;MORGA;	066;;;360;278;2;276;4;272;82;150;55.15;54.35;2;0.74;0.72;0;0.0;0.0;0;0.0;0.0;3;1.1;1.09;0;0.0;0.0;;;;110;40.44;39.86;0;0.0;0.0;0;0.0;0.0;1;0.37;0.36;5;1.84;1.81;0;0.0;0.0;1;0.37;0.36
Bizkaia;MUNDAKA;	068;;;1526;1107;19;1088;21;1067;419;461;43.21;42.37;21;1.97;1.93;0;0.0;0.0;1;0.09;0.09;21;1.97;1.93;0;0.0;0.0;;;;519;48.64;47.7;0;0.0;0.0;1;0.09;0.09;5;0.47;0.46;15;1.41;1.38;0;0.0;0.0;23;2.16;2.11
Bizkaia;MUNGIA;	069;;;13451;8706;85;8621;75;8546;4745;4042;47.3;46.89;618;7.23;7.17;3;0.04;0.03;5;0.06;0.06;577;6.75;6.69;13;0.15;0.15;;;;2745;32.12;31.84;122;1.43;1.42;19;0.22;0.22;29;0.34;0.34;135;1.58;1.57;17;0.2;0.2;221;2.59;2.56
Bizkaia;MUNICIPIO CERA BIZKAIA;	999;;;43722;;;;;;43722;0;0.0;0.0;0;0.0;0.0;0;0.0;0.0;0;0.0;0.0;0;0.0;0.0;0;0.0;0.0;;;;0;0.0;0.0;0;0.0;0.0;0;0.0;0.0;0;0.0;0.0;0;0.0;0.0;0;0.0;0.0;0;0.0;0.0
Bizkaia;MUNITIBAR-ARBATZEGI GERRIKAITZ-;	007;;;390;237;;237;3;234;153;70;29.91;29.54;1;0.43;0.42;0;0.0;0.0;1;0.43;0.42;1;0.43;0.42;0;0.0;0.0;;;;149;63.68;62.87;0;0.0;0.0;0;0.0;0.0;1;0.43;0.42;5;2.14;2.11;2;0.85;0.84;4;1.71;1.69
Bizkaia;MURUETA;	908;;;266;230;1;229;3;226;36;113;50.0;49.34;1;0.44;0.44;0;0.0;0.0;0;0.0;0.0;5;2.21;2.18;0;0.0;0.0;;;;102;45.13;44.54;0;0.0;0.0;0;0.0;0.0;0;0.0;0.0;1;0.44;0.44;0;0.0;0.0;4;1.77;1.75
Bizkaia;MUSKIZ;	071;;;5961;3914;62;3852;46;3806;2047;1534;40.3;39.82;129;3.39;3.35;3;0.08;0.08;6;0.16;0.16;834;21.91;21.65;5;0.13;0.13;;;;1064;27.96;27.62;42;1.1;1.09;6;0.16;0.16;23;0.6;0.6;74;1.94;1.92;7;0.18;0.18;79;2.08;2.05
Bizkaia;MUXIKA;	067;;;1193;850;3;847;15;832;343;295;35.46;34.83;10;1.2;1.18;0;0.0;0.0;0;0.0;0.0;14;1.68;1.65;0;0.0;0.0;;;;487;58.53;57.5;4;0.48;0.47;1;0.12;0.12;1;0.12;0.12;8;0.96;0.94;0;0.0;0.0;12;1.44;1.42
Bizkaia;NABARNIZ;	909;;;212;172;1;171;5;166;40;52;31.33;30.41;0;0.0;0.0;0;0.0;0.0;0;0.0;0.0;0;0.0;0.0;0;0.0;0.0;;;;109;65.66;63.74;0;0.0;0.0;0;0.0;0.0;0;0.0;0.0;3;1.81;1.75;2;1.2;1.17;0;0.0;0.0
Bizkaia;ONDARROA;	073;;;6553;4125;34;4091;37;4054;2428;1538;37.94;37.59;71;1.75;1.74;0;0.0;0.0;0;0.0;0.0;102;2.52;2.49;1;0.02;0.02;;;;2174;53.63;53.14;22;0.54;0.54;1;0.02;0.02;14;0.35;0.34;74;1.83;1.81;3;0.07;0.07;54;1.33;1.32
Bizkaia;OROZKO;	075;;;2111;1450;24;1426;20;1406;661;666;47.37;46.7;53;3.77;3.72;0;0.0;0.0;2;0.14;0.14;48;3.41;3.37;0;0.0;0.0;;;;576;40.97;40.39;17;1.21;1.19;2;0.14;0.14;2;0.14;0.14;14;1.0;0.98;4;0.28;0.28;22;1.56;1.54
Bizkaia;ORTUELLA;	083;;;6903;4169;48;4121;42;4079;2734;1502;36.82;36.45;144;3.53;3.49;0;0.0;0.0;9;0.22;0.22;708;17.36;17.18;4;0.1;0.1;;;;1258;30.84;30.53;60;1.47;1.46;11;0.27;0.27;18;0.44;0.44;158;3.87;3.83;1;0.02;0.02;206;5.05;5.0
Bizkaia;OTXANDIO;	072;;;960;708;3;705;7;698;252;198;28.37;28.09;6;0.86;0.85;0;0.0;0.0;0;0.0;0.0;14;2.01;1.99;1;0.14;0.14;;;;467;66.91;66.24;1;0.14;0.14;0;0.0;0.0;1;0.14;0.14;7;1.0;0.99;0;0.0;0.0;3;0.43;0.43
Bizkaia;PLENTZIA;	077;;;3417;2356;10;2346;17;2329;1061;1011;43.41;43.09;141;6.05;6.01;0;0.0;0.0;3;0.13;0.13;156;6.7;6.65;4;0.17;0.17;;;;880;37.78;37.51;28;1.2;1.19;5;0.21;0.21;10;0.43;0.43;34;1.46;1.45;4;0.17;0.17;53;2.28;2.26
Bizkaia;PORTUGALETE;	078;;;36290;21984;160;21824;207;21617;14306;7553;34.94;34.61;1843;8.53;8.44;22;0.1;0.1;46;0.21;0.21;5341;24.71;24.47;31;0.14;0.14;;;;4859;22.48;22.26;373;1.73;1.71;42;0.19;0.19;114;0.53;0.52;529;2.45;2.42;12;0.06;0.05;852;3.94;3.9
Bizkaia;SANTURTZI;	082;;;36916;22651;171;22480;195;22285;14265;8228;36.92;36.6;1451;6.51;6.45;14;0.06;0.06;41;0.18;0.18;4173;18.73;18.56;31;0.14;0.14;;;;6449;28.94;28.69;382;1.71;1.7;30;0.13;0.13;107;0.48;0.48;541;2.43;2.41;34;0.15;0.15;804;3.61;3.58
Bizkaia;SESTAO;	084;;;21085;12309;138;12171;111;12060;8776;3997;33.14;32.84;777;6.44;6.38;13;0.11;0.11;20;0.17;0.16;2599;21.55;21.35;16;0.13;0.13;;;;3385;28.07;27.81;216;1.79;1.77;22;0.18;0.18;82;0.68;0.67;383;3.18;3.15;10;0.08;0.08;540;4.48;4.44
Bizkaia;SONDIKA;	904;;;3641;2578;27;2551;38;2513;1063;1185;47.15;46.45;177;7.04;6.94;2;0.08;0.08;3;0.12;0.12;224;8.91;8.78;0;0.0;0.0;;;;776;30.88;30.42;34;1.35;1.33;1;0.04;0.04;18;0.72;0.71;42;1.67;1.65;0;0.0;0.0;51;2.03;2.0
Bizkaia;SOPELA;	085;;;11431;7362;73;7289;102;7187;4069;2997;41.7;41.12;338;4.7;4.64;9;0.13;0.12;8;0.11;0.11;695;9.67;9.53;12;0.17;0.16;;;;2515;34.99;34.5;86;1.2;1.18;31;0.43;0.43;39;0.54;0.54;175;2.43;2.4;9;0.13;0.12;273;3.8;3.75
Bizkaia;SOPUERTA;	086;;;2176;1275;136;1139;19;1120;901;400;35.71;35.12;58;5.18;5.09;0;0.0;0.0;1;0.09;0.09;105;9.38;9.22;3;0.27;0.26;;;;427;38.12;37.49;23;2.05;2.02;0;0.0;0.0;14;1.25;1.23;41;3.66;3.6;2;0.18;0.18;46;4.11;4.04
Bizkaia;SUKARRIETA;	076;;;305;220;5;215;5;210;85;110;52.38;51.16;6;2.86;2.79;0;0.0;0.0;1;0.48;0.47;8;3.81;3.72;0;0.0;0.0;;;;76;36.19;35.35;3;1.43;1.4;1;0.48;0.47;0;0.0;0.0;1;0.48;0.47;0;0.0;0.0;4;1.9;1.86
Bizkaia;TRUCIOS-TURTZIOZ;	087;;;442;323;;323;;323;119;222;68.73;68.73;8;2.48;2.48;0;0.0;0.0;1;0.31;0.31;14;4.33;4.33;0;0.0;0.0;;;;65;20.12;20.12;4;1.24;1.24;0;0.0;0.0;1;0.31;0.31;2;0.62;0.62;0;0.0;0.0;6;1.86;1.86
Bizkaia;UBIDE;	088;;;127;96;1;95;;95;31;20;21.05;21.05;0;0.0;0.0;0;0.0;0.0;0;0.0;0.0;4;4.21;4.21;0;0.0;0.0;;;;67;70.53;70.53;0;0.0;0.0;0;0.0;0.0;1;1.05;1.05;3;3.16;3.16;0;0.0;0.0;0;0.0;0.0
Bizkaia;UGAO-MIRABALLES;	065;;;3230;2143;20;2123;13;2110;1087;900;42.65;42.39;69;3.27;3.25;0;0.0;0.0;0;0.0;0.0;188;8.91;8.86;0;0.0;0.0;;;;808;38.29;38.06;20;0.95;0.94;2;0.09;0.09;11;0.52;0.52;54;2.56;2.54;1;0.05;0.05;57;2.7;2.68
Bizkaia;URDULIZ;	089;;;4435;2912;26;2886;35;2851;1523;1229;43.11;42.58;146;5.12;5.06;1;0.04;0.03;5;0.18;0.17;209;7.33;7.24;2;0.07;0.07;;;;997;34.97;34.55;38;1.33;1.32;1;0.04;0.03;18;0.63;0.62;87;3.05;3.01;3;0.11;0.1;115;4.03;3.98
Bizkaia;URDU헤/ORDU헤;	074;;;3232;2174;22;2152;19;2133;1058;918;43.04;42.66;86;4.03;4.0;1;0.05;0.05;3;0.14;0.14;150;7.03;6.97;4;0.19;0.19;;;;848;39.76;39.41;31;1.45;1.44;6;0.28;0.28;4;0.19;0.19;31;1.45;1.44;1;0.05;0.05;50;2.34;2.32
Bizkaia;VALLE DE TR쳃AGA-TRAPAGARAN;	080;;;9830;6055;49;6006;48;5958;3775;2112;35.45;35.16;289;4.85;4.81;4;0.07;0.07;5;0.08;0.08;1321;22.17;21.99;6;0.1;0.1;;;;1691;28.38;28.16;119;2.0;1.98;9;0.15;0.15;27;0.45;0.45;145;2.43;2.41;4;0.07;0.07;226;3.79;3.76
Bizkaia;ZALDIBAR;	095;;;2231;1370;15;1355;16;1339;861;443;33.08;32.69;70;5.23;5.17;2;0.15;0.15;0;0.0;0.0;205;15.31;15.13;0;0.0;0.0;;;;562;41.97;41.48;6;0.45;0.44;4;0.3;0.3;1;0.07;0.07;17;1.27;1.25;5;0.37;0.37;24;1.79;1.77
Bizkaia;ZALLA;	096;;;6482;4529;53;4476;39;4437;1953;2329;52.49;52.03;165;3.72;3.69;3;0.07;0.07;5;0.11;0.11;420;9.47;9.38;5;0.11;0.11;;;;1212;27.32;27.08;76;1.71;1.7;5;0.11;0.11;21;0.47;0.47;80;1.8;1.79;15;0.34;0.34;101;2.28;2.26
Bizkaia;ZAMUDIO;	905;;;2557;1749;28;1721;18;1703;808;821;48.21;47.7;64;3.76;3.72;0;0.0;0.0;0;0.0;0.0;105;6.17;6.1;1;0.06;0.06;;;;642;37.7;37.3;14;0.82;0.81;5;0.29;0.29;1;0.06;0.06;17;1.0;0.99;0;0.0;0.0;33;1.94;1.92
Bizkaia;ZARATAMO;	097;;;1306;788;10;778;10;768;518;315;41.02;40.49;33;4.3;4.24;1;0.13;0.13;0;0.0;0.0;70;9.11;9.0;0;0.0;0.0;;;;286;37.24;36.76;13;1.69;1.67;2;0.26;0.26;8;1.04;1.03;14;1.82;1.8;3;0.39;0.39;23;2.99;2.96
Bizkaia;ZEANURI;	024;;;1000;749;7;742;12;730;251;298;40.82;40.16;9;1.23;1.21;0;0.0;0.0;0;0.0;0.0;7;0.96;0.94;1;0.14;0.13;;;;393;53.84;52.96;0;0.0;0.0;1;0.14;0.13;0;0.0;0.0;7;0.96;0.94;3;0.41;0.4;11;1.51;1.48
Bizkaia;ZEBERIO;	025;;;879;656;8;648;6;642;223;286;44.55;44.14;7;1.09;1.08;0;0.0;0.0;0;0.0;0.0;8;1.25;1.23;0;0.0;0.0;;;;316;49.22;48.77;3;0.47;0.46;1;0.16;0.15;3;0.47;0.46;10;1.56;1.54;4;0.62;0.62;4;0.62;0.62
Bizkaia;ZIERBENA;	913;;;1254;882;11;871;18;853;372;411;48.18;47.19;21;2.46;2.41;1;0.12;0.11;1;0.12;0.11;40;4.69;4.59;0;0.0;0.0;;;;330;38.69;37.89;17;1.99;1.95;0;0.0;0.0;4;0.47;0.46;10;1.17;1.15;0;0.0;0.0;18;2.11;2.07
Bizkaia;ZIORTZA - BOLIBAR;	915;;;320;234;1;233;2;231;86;79;34.2;33.91;2;0.87;0.86;0;0.0;0.0;0;0.0;0.0;4;1.73;1.72;0;0.0;0.0;;;;142;61.47;60.94;0;0.0;0.0;0;0.0;0.0;0;0.0;0.0;1;0.43;0.43;0;0.0;0.0;3;1.3;1.29
Gipuzkoa;ABALTZISKETA;	001;;;249;156;1;155;2;153;93;74;48.37;47.74;0;0.0;0.0;;;;;;;0;0.0;0.0;0;0.0;0.0;;;;77;50.33;49.68;0;0.0;0.0;0;0.0;0.0;0;0.0;0.0;1;0.65;0.65;1;0.65;0.65;0;0.0;0.0
Gipuzkoa;ADUNA;	002;;;374;253;2;251;11;240;121;57;23.75;22.71;0;0.0;0.0;;;;;;;4;1.67;1.59;0;0.0;0.0;;;;172;71.67;68.53;3;1.25;1.2;0;0.0;0.0;0;0.0;0.0;3;1.25;1.2;0;0.0;0.0;1;0.42;0.4
Gipuzkoa;AIA;	016;;;1565;923;4;919;10;909;642;398;43.78;43.31;11;1.21;1.2;;;;;;;18;1.98;1.96;2;0.22;0.22;;;;435;47.85;47.33;5;0.55;0.54;8;0.88;0.87;3;0.33;0.33;8;0.88;0.87;4;0.44;0.44;17;1.87;1.85
Gipuzkoa;AIZARNAZABAL;	003;;;573;355;3;352;3;349;218;108;30.95;30.68;1;0.29;0.28;;;;;;;10;2.87;2.84;0;0.0;0.0;;;;219;62.75;62.22;1;0.29;0.28;1;0.29;0.28;1;0.29;0.28;5;1.43;1.42;0;0.0;0.0;3;0.86;0.85
Gipuzkoa;ALBIZTUR;	004;;;246;147;;147;5;142;99;65;45.77;44.22;1;0.7;0.68;;;;;;;12;8.45;8.16;0;0.0;0.0;;;;62;43.66;42.18;2;1.41;1.36;0;0.0;0.0;0;0.0;0.0;0;0.0;0.0;0;0.0;0.0;0;0.0;0.0
Gipuzkoa;ALEGIA;	005;;;1274;771;3;768;8;760;503;243;31.97;31.64;15;1.97;1.95;;;;;;;38;5.0;4.95;3;0.39;0.39;;;;426;56.05;55.47;10;1.32;1.3;0;0.0;0.0;2;0.26;0.26;12;1.58;1.56;0;0.0;0.0;11;1.45;1.43
Gipuzkoa;ALKIZA;	006;;;254;150;2;148;2;146;104;48;32.88;32.43;0;0.0;0.0;;;;;;;2;1.37;1.35;0;0.0;0.0;;;;89;60.96;60.14;1;0.68;0.68;0;0.0;0.0;1;0.68;0.68;3;2.05;2.03;1;0.68;0.68;1;0.68;0.68
Gipuzkoa;ALTZAGA;	906;;;124;87;;87;2;85;37;31;36.47;35.63;1;1.18;1.15;;;;;;;2;2.35;2.3;0;0.0;0.0;;;;49;57.65;56.32;0;0.0;0.0;0;0.0;0.0;0;0.0;0.0;2;2.35;2.3;0;0.0;0.0;0;0.0;0.0
Gipuzkoa;ALTZO;	007;;;346;223;2;221;3;218;123;53;24.31;23.98;2;0.92;0.9;;;;;;;0;0.0;0.0;0;0.0;0.0;;;;153;70.18;69.23;2;0.92;0.9;0;0.0;0.0;1;0.46;0.45;2;0.92;0.9;0;0.0;0.0;5;2.29;2.26
Gipuzkoa;AMEZKETA;	008;;;747;447;3;444;9;435;300;140;32.18;31.53;2;0.46;0.45;;;;;;;7;1.61;1.58;1;0.23;0.23;;;;277;63.68;62.39;2;0.46;0.45;2;0.46;0.45;0;0.0;0.0;2;0.46;0.45;0;0.0;0.0;2;0.46;0.45
Gipuzkoa;ANDOAIN;	009;;;11274;6540;55;6485;64;6421;4734;1620;25.23;24.98;335;5.22;5.17;;;;;;;1106;17.22;17.05;5;0.08;0.08;;;;2772;43.17;42.74;107;1.67;1.65;20;0.31;0.31;29;0.45;0.45;181;2.82;2.79;5;0.08;0.08;241;3.75;3.72
Gipuzkoa;ANOETA;	010;;;1544;986;3;983;8;975;558;257;26.36;26.14;25;2.56;2.54;;;;;;;70;7.18;7.12;1;0.1;0.1;;;;573;58.77;58.29;13;1.33;1.32;1;0.1;0.1;1;0.1;0.1;13;1.33;1.32;1;0.1;0.1;20;2.05;2.03
Gipuzkoa;ANTZUOLA;	011;;;1598;1106;10;1096;12;1084;492;310;28.6;28.28;14;1.29;1.28;;;;;;;77;7.1;7.03;0;0.0;0.0;;;;638;58.86;58.21;7;0.65;0.64;2;0.18;0.18;2;0.18;0.18;14;1.29;1.28;1;0.09;0.09;19;1.75;1.73
Gipuzkoa;ARAMA;	012;;;132;80;;80;3;77;52;22;28.57;27.5;0;0.0;0.0;;;;;;;3;3.9;3.75;0;0.0;0.0;;;;50;64.94;62.5;1;1.3;1.25;1;1.3;1.25;0;0.0;0.0;0;0.0;0.0;0;0.0;0.0;0;0.0;0.0
Gipuzkoa;ARETXABALETA;	013;;;5561;3667;26;3641;22;3619;1894;1218;33.66;33.45;70;1.93;1.92;;;;;;;270;7.46;7.42;5;0.14;0.14;;;;1873;51.75;51.44;22;0.61;0.6;7;0.19;0.19;9;0.25;0.25;56;1.55;1.54;1;0.03;0.03;88;2.43;2.42
Gipuzkoa;ARRASATE/MONDRAGON;	055;;;16921;10352;50;10302;71;10231;6569;3149;30.78;30.57;383;3.74;3.72;;;;;;;1315;12.85;12.76;17;0.17;0.17;;;;4557;44.54;44.23;89;0.87;0.86;27;0.26;0.26;42;0.41;0.41;281;2.75;2.73;17;0.17;0.17;354;3.46;3.44
Gipuzkoa;ASTEASU;	014;;;1200;684;4;680;6;674;516;200;29.67;29.41;12;1.78;1.76;;;;;;;20;2.97;2.94;0;0.0;0.0;;;;421;62.46;61.91;0;0.0;0.0;0;0.0;0.0;1;0.15;0.15;5;0.74;0.74;2;0.3;0.29;13;1.93;1.91
Gipuzkoa;ASTIGARRAGA;	903;;;5687;3471;27;3444;32;3412;2216;994;29.13;28.86;134;3.93;3.89;;;;;;;300;8.79;8.71;3;0.09;0.09;;;;1657;48.56;48.11;49;1.44;1.42;20;0.59;0.58;20;0.59;0.58;73;2.14;2.12;11;0.32;0.32;151;4.43;4.38
Gipuzkoa;ATAUN;	015;;;1253;910;4;906;8;898;343;246;27.39;27.15;3;0.33;0.33;;;;;;;17;1.89;1.88;0;0.0;0.0;;;;620;69.04;68.43;5;0.56;0.55;1;0.11;0.11;1;0.11;0.11;3;0.33;0.33;0;0.0;0.0;2;0.22;0.22
Gipuzkoa;AZKOITIA;	017;;;8507;5368;15;5353;38;5315;3139;2117;39.83;39.55;132;2.48;2.47;;;;;;;408;7.68;7.62;5;0.09;0.09;;;;2418;45.49;45.17;45;0.85;0.84;11;0.21;0.21;19;0.36;0.35;86;1.62;1.61;10;0.19;0.19;64;1.2;1.2
Gipuzkoa;AZPEITIA;	018;;;11419;6973;45;6928;50;6878;4446;2767;40.23;39.94;106;1.54;1.53;;;;;;;244;3.55;3.52;6;0.09;0.09;;;;3579;52.04;51.66;41;0.6;0.59;5;0.07;0.07;13;0.19;0.19;61;0.89;0.88;6;0.09;0.09;50;0.73;0.72
Gipuzkoa;BALIARRAIN;	904;;;96;68;1;67;1;66;28;14;21.21;20.9;0;0.0;0.0;;;;;;;0;0.0;0.0;0;0.0;0.0;;;;50;75.76;74.63;0;0.0;0.0;1;1.52;1.49;0;0.0;0.0;0;0.0;0.0;1;1.52;1.49;0;0.0;0.0
Gipuzkoa;BEASAIN;	019;;;9864;5904;40;5864;76;5788;3960;2303;39.79;39.27;213;3.68;3.63;;;;;;;677;11.7;11.55;7;0.12;0.12;;;;2155;37.23;36.75;54;0.93;0.92;11;0.19;0.19;21;0.36;0.36;192;3.32;3.27;10;0.17;0.17;145;2.51;2.47
Gipuzkoa;BEIZAMA;	020;;;108;65;1;64;;64;43;26;40.62;40.62;0;0.0;0.0;;;;;;;0;0.0;0.0;0;0.0;0.0;;;;37;57.81;57.81;0;0.0;0.0;1;1.56;1.56;0;0.0;0.0;0;0.0;0.0;0;0.0;0.0;0;0.0;0.0
Gipuzkoa;BELAUNTZA;	021;;;209;119;;119;6;113;90;41;36.28;34.45;2;1.77;1.68;;;;;;;3;2.65;2.52;0;0.0;0.0;;;;64;56.64;53.78;0;0.0;0.0;0;0.0;0.0;1;0.88;0.84;0;0.0;0.0;1;0.88;0.84;1;0.88;0.84
Gipuzkoa;BERASTEGI;	022;;;899;605;2;603;6;597;294;201;33.67;33.33;4;0.67;0.66;;;;;;;12;2.01;1.99;0;0.0;0.0;;;;364;60.97;60.36;1;0.17;0.17;1;0.17;0.17;0;0.0;0.0;7;1.17;1.16;0;0.0;0.0;7;1.17;1.16
Gipuzkoa;BERGARA;	074;;;11245;7515;23;7492;47;7445;3730;2458;33.02;32.81;152;2.04;2.03;;;;;;;637;8.56;8.5;4;0.05;0.05;;;;3813;51.22;50.89;40;0.54;0.53;17;0.23;0.23;22;0.3;0.29;131;1.76;1.75;7;0.09;0.09;164;2.2;2.19
Gipuzkoa;BERROBI;	023;;;435;221;2;219;2;217;214;50;23.04;22.83;3;1.38;1.37;;;;;;;11;5.07;5.02;7;3.23;3.2;;;;143;65.9;65.3;1;0.46;0.46;0;0.0;0.0;1;0.46;0.46;0;0.0;0.0;0;0.0;0.0;1;0.46;0.46
Gipuzkoa;BIDANIA-GOIATZ;	024;;;417;235;2;233;2;231;182;65;28.14;27.9;4;1.73;1.72;;;;;;;2;0.87;0.86;0;0.0;0.0;;;;149;64.5;63.95;3;1.3;1.29;1;0.43;0.43;0;0.0;0.0;2;0.87;0.86;1;0.43;0.43;4;1.73;1.72
Gipuzkoa;DEBA;	029;;;4331;2938;16;2922;37;2885;1393;1203;41.7;41.17;42;1.46;1.44;;;;;;;200;6.93;6.84;5;0.17;0.17;;;;1292;44.78;44.22;19;0.66;0.65;5;0.17;0.17;9;0.31;0.31;45;1.56;1.54;8;0.28;0.27;57;1.98;1.95
Gipuzkoa;DONOSTIA/SAN SEBASTI쳁;	069;;;146560;92061;474;91587;1153;90434;54499;28184;31.17;30.77;11297;12.49;12.33;;;;;;;14725;16.28;16.08;143;0.16;0.16;;;;27363;30.26;29.88;1896;2.1;2.07;436;0.48;0.48;605;0.67;0.66;2035;2.25;2.22;187;0.21;0.2;3563;3.94;3.89
Gipuzkoa;EIBAR;	030;;;20557;12831;55;12776;130;12646;7726;3806;30.1;29.79;736;5.82;5.76;;;;;;;2948;23.31;23.07;16;0.13;0.13;;;;4145;32.78;32.44;170;1.34;1.33;43;0.34;0.34;55;0.43;0.43;297;2.35;2.32;56;0.44;0.44;374;2.96;2.93
Gipuzkoa;ELDUAIN;	031;;;185;103;;103;2;101;82;31;30.69;30.1;0;0.0;0.0;;;;;;;1;0.99;0.97;0;0.0;0.0;;;;69;68.32;66.99;0;0.0;0.0;0;0.0;0.0;0;0.0;0.0;0;0.0;0.0;0;0.0;0.0;0;0.0;0.0
Gipuzkoa;ELGETA;	033;;;861;605;3;602;5;597;256;175;29.31;29.07;10;1.68;1.66;;;;;;;26;4.36;4.32;0;0.0;0.0;;;;354;59.3;58.8;2;0.34;0.33;2;0.34;0.33;5;0.84;0.83;9;1.51;1.5;2;0.34;0.33;12;2.01;1.99
Gipuzkoa;ELGOIBAR;	032;;;8546;5490;31;5459;37;5422;3056;2162;39.87;39.6;192;3.54;3.52;;;;;;;626;11.55;11.47;5;0.09;0.09;;;;2149;39.63;39.37;46;0.85;0.84;13;0.24;0.24;19;0.35;0.35;90;1.66;1.65;20;0.37;0.37;100;1.84;1.83
Gipuzkoa;ERRENTERIA;	067;;;30524;17322;92;17230;172;17058;13202;3727;21.85;21.63;1021;5.99;5.93;;;;;;;3502;20.53;20.33;10;0.06;0.06;;;;7063;41.41;40.99;278;1.63;1.61;62;0.36;0.36;144;0.84;0.84;482;2.83;2.8;24;0.14;0.14;745;4.37;4.32
Gipuzkoa;ERREZIL;	066;;;451;285;3;282;3;279;166;78;27.96;27.66;0;0.0;0.0;;;;;;;0;0.0;0.0;0;0.0;0.0;;;;196;70.25;69.5;1;0.36;0.35;0;0.0;0.0;0;0.0;0.0;2;0.72;0.71;0;0.0;0.0;2;0.72;0.71
Gipuzkoa;ESKORIATZA;	034;;;3231;1981;8;1973;16;1957;1250;650;33.21;32.94;43;2.2;2.18;;;;;;;170;8.69;8.62;1;0.05;0.05;;;;970;49.57;49.16;11;0.56;0.56;3;0.15;0.15;5;0.26;0.25;34;1.74;1.72;6;0.31;0.3;64;3.27;3.24
Gipuzkoa;EZKIO-ITSASO;	035;;;465;317;;317;8;309;148;108;34.95;34.07;0;0.0;0.0;;;;;;;10;3.24;3.15;0;0.0;0.0;;;;171;55.34;53.94;3;0.97;0.95;0;0.0;0.0;0;0.0;0.0;3;0.97;0.95;2;0.65;0.63;12;3.88;3.79
Gipuzkoa;GABIRIA;	038;;;407;272;1;271;2;269;135;81;30.11;29.89;2;0.74;0.74;;;;;;;8;2.97;2.95;0;0.0;0.0;;;;172;63.94;63.47;0;0.0;0.0;1;0.37;0.37;0;0.0;0.0;5;1.86;1.85;0;0.0;0.0;0;0.0;0.0
Gipuzkoa;GAINTZA;	037;;;101;56;1;55;3;52;45;20;38.46;36.36;0;0.0;0.0;;;;;;;1;1.92;1.82;0;0.0;0.0;;;;29;55.77;52.73;0;0.0;0.0;0;0.0;0.0;0;0.0;0.0;2;3.85;3.64;0;0.0;0.0;0;0.0;0.0
Gipuzkoa;GAZTELU;	907;;;125;78;2;76;1;75;47;23;30.67;30.26;0;0.0;0.0;;;;;;;1;1.33;1.32;0;0.0;0.0;;;;44;58.67;57.89;0;0.0;0.0;0;0.0;0.0;1;1.33;1.32;6;8.0;7.89;0;0.0;0.0;0;0.0;0.0
Gipuzkoa;GETARIA;	039;;;2162;1630;12;1618;13;1605;532;616;38.38;38.07;7;0.44;0.43;;;;;;;36;2.24;2.22;2;0.12;0.12;;;;901;56.14;55.69;3;0.19;0.19;10;0.62;0.62;2;0.12;0.12;13;0.81;0.8;0;0.0;0.0;15;0.93;0.93
Gipuzkoa;HERNANI;	040;;;15762;9511;49;9462;80;9382;6251;2202;23.47;23.27;290;3.09;3.06;;;;;;;1027;10.95;10.85;15;0.16;0.16;;;;5035;53.67;53.21;86;0.92;0.91;28;0.3;0.3;46;0.49;0.49;327;3.49;3.46;18;0.19;0.19;308;3.28;3.26
Gipuzkoa;HERNIALDE;	041;;;260;144;;144;1;143;116;59;41.26;40.97;0;0.0;0.0;;;;;;;2;1.4;1.39;0;0.0;0.0;;;;76;53.15;52.78;3;2.1;2.08;1;0.7;0.69;0;0.0;0.0;0;0.0;0.0;1;0.7;0.69;1;0.7;0.69
Gipuzkoa;HONDARRIBIA;	036;;;13493;8466;46;8420;101;8319;5027;3599;43.26;42.74;491;5.9;5.83;;;;;;;891;10.71;10.58;16;0.19;0.19;;;;2742;32.96;32.57;100;1.2;1.19;31;0.37;0.37;33;0.4;0.39;164;1.97;1.95;12;0.14;0.14;240;2.88;2.85
Gipuzkoa;IBARRA;	042;;;3103;1803;6;1797;19;1778;1300;550;30.93;30.61;46;2.59;2.56;;;;;;;159;8.94;8.85;1;0.06;0.06;;;;935;52.59;52.03;17;0.96;0.95;3;0.17;0.17;5;0.28;0.28;25;1.41;1.39;4;0.22;0.22;33;1.86;1.84
Gipuzkoa;IDIAZABAL;	043;;;1696;1121;13;1108;14;1094;575;440;40.22;39.71;19;1.74;1.71;;;;;;;26;2.38;2.35;1;0.09;0.09;;;;579;52.93;52.26;2;0.18;0.18;3;0.27;0.27;2;0.18;0.18;18;1.65;1.62;0;0.0;0.0;4;0.37;0.36
Gipuzkoa;IKAZTEGIETA;	044;;;351;229;;229;2;227;122;61;26.87;26.64;1;0.44;0.44;;;;;;;8;3.52;3.49;0;0.0;0.0;;;;149;65.64;65.07;1;0.44;0.44;0;0.0;0.0;0;0.0;0.0;5;2.2;2.18;0;0.0;0.0;2;0.88;0.87
Gipuzkoa;IRUN;	045;;;47296;26500;196;26304;290;26014;20796;8425;32.39;32.03;2635;10.13;10.02;;;;;;;5791;22.26;22.02;43;0.17;0.16;;;;5945;22.85;22.6;1050;4.04;3.99;109;0.42;0.41;196;0.75;0.75;745;2.86;2.83;57;0.22;0.22;1018;3.91;3.87
Gipuzkoa;IRURA;	046;;;1292;722;3;719;8;711;570;215;30.24;29.9;13;1.83;1.81;;;;;;;45;6.33;6.26;2;0.28;0.28;;;;390;54.85;54.24;17;2.39;2.36;3;0.42;0.42;2;0.28;0.28;11;1.55;1.53;0;0.0;0.0;13;1.83;1.81
Gipuzkoa;ITSASONDO;	047;;;453;294;2;292;3;289;159;68;23.53;23.29;5;1.73;1.71;;;;;;;5;1.73;1.71;0;0.0;0.0;;;;199;68.86;68.15;0;0.0;0.0;0;0.0;0.0;0;0.0;0.0;5;1.73;1.71;0;0.0;0.0;7;2.42;2.4
Gipuzkoa;LARRAUL;	048;;;192;112;;112;;112;80;32;28.57;28.57;2;1.79;1.79;;;;;;;5;4.46;4.46;0;0.0;0.0;;;;65;58.04;58.04;0;0.0;0.0;0;0.0;0.0;2;1.79;1.79;2;1.79;1.79;0;0.0;0.0;4;3.57;3.57
Gipuzkoa;LASARTE-ORIA;	902;;;14770;8673;41;8632;69;8563;6097;2136;24.94;24.75;619;7.23;7.17;;;;;;;2183;25.49;25.29;10;0.12;0.12;;;;2772;32.37;32.11;204;2.38;2.36;27;0.32;0.31;61;0.71;0.71;205;2.39;2.37;15;0.18;0.17;331;3.87;3.83
Gipuzkoa;LAZKAO;	049;;;4230;2731;23;2708;17;2691;1499;991;36.83;36.6;43;1.6;1.59;;;;;;;152;5.65;5.61;1;0.04;0.04;;;;1354;50.32;50.0;19;0.71;0.7;4;0.15;0.15;8;0.3;0.3;51;1.9;1.88;7;0.26;0.26;61;2.27;2.25
Gipuzkoa;LEABURU;	050;;;283;188;2;186;6;180;95;42;23.33;22.58;1;0.56;0.54;;;;;;;2;1.11;1.08;6;3.33;3.23;;;;119;66.11;63.98;0;0.0;0.0;0;0.0;0.0;1;0.56;0.54;3;1.67;1.61;0;0.0;0.0;6;3.33;3.23
Gipuzkoa;LEGAZPI;	051;;;6519;4233;22;4211;32;4179;2286;1345;32.18;31.94;167;4.0;3.97;;;;;;;507;12.13;12.04;20;0.48;0.47;;;;1865;44.63;44.29;41;0.98;0.97;9;0.22;0.21;14;0.34;0.33;95;2.27;2.26;4;0.1;0.09;112;2.68;2.66
Gipuzkoa;LEGORRETA;	052;;;1025;670;3;667;13;654;355;241;36.85;36.13;9;1.38;1.35;;;;;;;23;3.52;3.45;2;0.31;0.3;;;;342;52.29;51.27;8;1.22;1.2;0;0.0;0.0;4;0.61;0.6;13;1.99;1.95;0;0.0;0.0;12;1.83;1.8
Gipuzkoa;LEINTZ-GATZAGA;	068;;;170;108;2;106;5;101;62;35;34.65;33.02;0;0.0;0.0;;;;;;;1;0.99;0.94;0;0.0;0.0;;;;63;62.38;59.43;0;0.0;0.0;0;0.0;0.0;0;0.0;0.0;1;0.99;0.94;0;0.0;0.0;1;0.99;0.94
Gipuzkoa;LEZO;	053;;;4779;2776;13;2763;30;2733;2003;747;27.33;27.04;71;2.6;2.57;;;;;;;265;9.7;9.59;1;0.04;0.04;;;;1483;54.26;53.67;22;0.8;0.8;2;0.07;0.07;7;0.26;0.25;51;1.87;1.85;8;0.29;0.29;76;2.78;2.75
Gipuzkoa;LIZARTZA;	054;;;477;294;3;291;2;289;183;43;14.88;14.78;0;0.0;0.0;;;;;;;0;0.0;0.0;0;0.0;0.0;;;;245;84.78;84.19;1;0.35;0.34;0;0.0;0.0;0;0.0;0.0;0;0.0;0.0;0;0.0;0.0;0;0.0;0.0
Gipuzkoa;MENDARO;	901;;;1443;895;4;891;5;886;548;343;38.71;38.5;26;2.93;2.92;;;;;;;74;8.35;8.31;1;0.11;0.11;;;;392;44.24;44.0;5;0.56;0.56;2;0.23;0.22;2;0.23;0.22;10;1.13;1.12;3;0.34;0.34;28;3.16;3.14
Gipuzkoa;MUNICIPIO CERA GIPUZKOA;	999;;;30657;;;;;;30657;0;0.0;0.0;0;0.0;0.0;;;;;;;0;0.0;0.0;0;0.0;0.0;;;;0;0.0;0.0;0;0.0;0.0;0;0.0;0.0;0;0.0;0.0;0;0.0;0.0;0;0.0;0.0;0;0.0;0.0
Gipuzkoa;MUTILOA;	057;;;204;140;;140;6;134;64;34;25.37;24.29;0;0.0;0.0;;;;;;;4;2.99;2.86;0;0.0;0.0;;;;92;68.66;65.71;0;0.0;0.0;0;0.0;0.0;0;0.0;0.0;2;1.49;1.43;0;0.0;0.0;2;1.49;1.43
Gipuzkoa;MUTRIKU;	056;;;4082;2618;10;2608;19;2589;1464;988;38.16;37.88;64;2.47;2.45;;;;;;;91;3.51;3.49;6;0.23;0.23;;;;1337;51.64;51.27;7;0.27;0.27;3;0.12;0.12;8;0.31;0.31;32;1.24;1.23;5;0.19;0.19;48;1.85;1.84
Gipuzkoa;OIARTZUN;	063;;;8249;5277;21;5256;50;5206;2972;1134;21.78;21.58;84;1.61;1.6;;;;;;;192;3.69;3.65;3;0.06;0.06;;;;3544;68.08;67.43;30;0.58;0.57;14;0.27;0.27;8;0.15;0.15;91;1.75;1.73;9;0.17;0.17;97;1.86;1.85
Gipuzkoa;OLABERRIA;	058;;;704;455;1;454;3;451;249;184;40.8;40.53;20;4.43;4.41;;;;;;;46;10.2;10.13;0;0.0;0.0;;;;175;38.8;38.55;2;0.44;0.44;4;0.89;0.88;2;0.44;0.44;8;1.77;1.76;1;0.22;0.22;9;2.0;1.98
Gipuzkoa;O헤TI;	059;;;8793;5904;23;5881;38;5843;2889;1917;32.81;32.6;97;1.66;1.65;;;;;;;273;4.67;4.64;2;0.03;0.03;;;;3360;57.5;57.13;9;0.15;0.15;2;0.03;0.03;9;0.15;0.15;72;1.23;1.22;7;0.12;0.12;95;1.63;1.62
Gipuzkoa;ORDIZIA;	076;;;6995;4408;20;4388;52;4336;2587;1484;34.23;33.82;135;3.11;3.08;;;;;;;432;9.96;9.85;5;0.12;0.11;;;;1877;43.29;42.78;44;1.01;1.0;11;0.25;0.25;13;0.3;0.3;180;4.15;4.1;10;0.23;0.23;145;3.34;3.3
Gipuzkoa;ORENDAIN;	905;;;173;123;;123;3;120;50;22;18.33;17.89;0;0.0;0.0;;;;;;;0;0.0;0.0;0;0.0;0.0;;;;95;79.17;77.24;1;0.83;0.81;0;0.0;0.0;1;0.83;0.81;0;0.0;0.0;0;0.0;0.0;1;0.83;0.81
Gipuzkoa;OREXA;	060;;;84;64;2;62;2;60;20;0;0.0;0.0;0;0.0;0.0;;;;;;;0;0.0;0.0;0;0.0;0.0;;;;60;100.0;96.77;0;0.0;0.0;0;0.0;0.0;0;0.0;0.0;0;0.0;0.0;0;0.0;0.0;0;0.0;0.0
Gipuzkoa;ORIO;	061;;;4570;2917;15;2902;26;2876;1653;1013;35.22;34.91;41;1.43;1.41;;;;;;;151;5.25;5.2;1;0.03;0.03;;;;1558;54.17;53.69;18;0.63;0.62;4;0.14;0.14;10;0.35;0.34;41;1.43;1.41;6;0.21;0.21;33;1.15;1.14
Gipuzkoa;ORMAIZTEGI;	062;;;924;626;3;623;6;617;298;253;41.0;40.61;12;1.94;1.93;;;;;;;23;3.73;3.69;0;0.0;0.0;;;;300;48.62;48.15;6;0.97;0.96;0;0.0;0.0;5;0.81;0.8;4;0.65;0.64;1;0.16;0.16;13;2.11;2.09
Gipuzkoa;PASAIA;	064;;;12285;6762;52;6710;85;6625;5523;1817;27.43;27.08;298;4.5;4.44;;;;;;;973;14.69;14.5;8;0.12;0.12;;;;2913;43.97;43.41;110;1.66;1.64;17;0.26;0.25;46;0.69;0.69;155;2.34;2.31;14;0.21;0.21;274;4.14;4.08
Gipuzkoa;SEGURA;	070;;;1051;735;4;731;9;722;316;225;31.16;30.78;4;0.55;0.55;;;;;;;20;2.77;2.74;0;0.0;0.0;;;;458;63.43;62.65;3;0.42;0.41;2;0.28;0.27;0;0.0;0.0;5;0.69;0.68;1;0.14;0.14;4;0.55;0.55
Gipuzkoa;SORALUZE-PLACENCIA DE LAS ARMAS;	065;;;2769;1723;12;1711;8;1703;1046;520;30.53;30.39;68;3.99;3.97;;;;;;;259;15.21;15.14;0;0.0;0.0;;;;768;45.1;44.89;12;0.7;0.7;5;0.29;0.29;4;0.23;0.23;33;1.94;1.93;5;0.29;0.29;29;1.7;1.69
Gipuzkoa;TOLOSA;	071;;;15064;9651;50;9601;96;9505;5413;3311;34.83;34.49;238;2.5;2.48;;;;;;;688;7.24;7.17;12;0.13;0.12;;;;4697;49.42;48.92;63;0.66;0.66;18;0.19;0.19;44;0.46;0.46;178;1.87;1.85;11;0.12;0.11;245;2.58;2.55
Gipuzkoa;URNIETA;	072;;;4924;2774;25;2749;34;2715;2150;934;34.4;33.98;131;4.83;4.77;;;;;;;378;13.92;13.75;3;0.11;0.11;;;;1053;38.78;38.3;33;1.22;1.2;11;0.41;0.4;24;0.88;0.87;54;1.99;1.96;3;0.11;0.11;91;3.35;3.31
Gipuzkoa;URRETXU;	077;;;5327;3411;23;3388;31;3357;1916;1194;35.57;35.24;109;3.25;3.22;;;;;;;463;13.79;13.67;4;0.12;0.12;;;;1353;40.3;39.94;22;0.66;0.65;13;0.39;0.38;15;0.45;0.44;67;2.0;1.98;4;0.12;0.12;113;3.37;3.34
Gipuzkoa;USURBIL;	073;;;4940;3144;17;3127;27;3100;1796;685;22.1;21.91;71;2.29;2.27;;;;;;;210;6.77;6.72;1;0.03;0.03;;;;1942;62.65;62.1;18;0.58;0.58;11;0.35;0.35;27;0.87;0.86;52;1.68;1.66;6;0.19;0.19;77;2.48;2.46
Gipuzkoa;VILLABONA;	075;;;4347;2617;12;2605;36;2569;1730;797;31.02;30.6;66;2.57;2.53;;;;;;;194;7.55;7.45;7;0.27;0.27;;;;1372;53.41;52.67;27;1.05;1.04;10;0.39;0.38;16;0.62;0.61;47;1.83;1.8;1;0.04;0.04;32;1.25;1.23
Gipuzkoa;ZALDIBIA;	078;;;1161;830;6;824;8;816;331;171;20.96;20.75;5;0.61;0.61;;;;;;;24;2.94;2.91;0;0.0;0.0;;;;592;72.55;71.84;2;0.25;0.24;1;0.12;0.12;0;0.0;0.0;9;1.1;1.09;0;0.0;0.0;12;1.47;1.46
Gipuzkoa;ZARAUTZ;	079;;;18441;12273;47;12226;104;12122;6168;4941;40.76;40.41;504;4.16;4.12;;;;;;;1039;8.57;8.5;7;0.06;0.06;;;;4963;40.94;40.59;103;0.85;0.84;39;0.32;0.32;37;0.31;0.3;206;1.7;1.68;23;0.19;0.19;260;2.14;2.13
Gipuzkoa;ZEGAMA;	025;;;1112;759;;759;4;755;353;259;34.3;34.12;3;0.4;0.4;;;;;;;19;2.52;2.5;0;0.0;0.0;;;;463;61.32;61.0;0;0.0;0.0;1;0.13;0.13;2;0.26;0.26;3;0.4;0.4;0;0.0;0.0;5;0.66;0.66
Gipuzkoa;ZERAIN;	026;;;220;174;6;168;3;165;46;68;41.21;40.48;0;0.0;0.0;;;;;;;3;1.82;1.79;0;0.0;0.0;;;;93;56.36;55.36;0;0.0;0.0;0;0.0;0.0;0;0.0;0.0;1;0.61;0.6;0;0.0;0.0;0;0.0;0.0
Gipuzkoa;ZESTOA;	027;;;2809;1680;8;1672;24;1648;1129;514;31.19;30.74;15;0.91;0.9;;;;;;;67;4.07;4.01;2;0.12;0.12;;;;989;60.01;59.15;7;0.42;0.42;1;0.06;0.06;5;0.3;0.3;32;1.94;1.91;1;0.06;0.06;15;0.91;0.9
Gipuzkoa;ZIZURKIL;	028;;;2212;1301;6;1295;18;1277;911;371;29.05;28.65;38;2.98;2.93;;;;;;;126;9.87;9.73;3;0.23;0.23;;;;680;53.25;52.51;4;0.31;0.31;3;0.23;0.23;0;0.0;0.0;21;1.64;1.62;3;0.23;0.23;28;2.19;2.16
Gipuzkoa;ZUMAIA;	081;;;7871;5041;10;5031;49;4982;2830;1659;33.3;32.98;116;2.33;2.31;;;;;;;479;9.61;9.52;3;0.06;0.06;;;;2469;49.56;49.08;29;0.58;0.58;21;0.42;0.42;16;0.32;0.32;92;1.85;1.83;2;0.04;0.04;96;1.93;1.91
Gipuzkoa;ZUMARRAGA;	080;;;7522;4557;21;4536;50;4486;2965;1315;29.31;28.99;190;4.24;4.19;;;;;;;1048;23.36;23.1;4;0.09;0.09;;;;1538;34.28;33.91;63;1.4;1.39;15;0.33;0.33;17;0.38;0.37;102;2.27;2.25;4;0.09;0.09;190;4.24;4.19
