Lurraldea;Udalerria;Udalerriaren kod.;Hauteskunde-oharra;Oharra;Errolda;Botoak;Baliogabeak;Baliodunak;Zuriak;Botoak hautagaitzei;Abstentzioa;EAJ-PNV;PP;PH;PCTE / ELAK;PSE-EE/PSOE;PUM+J;O.E.;EH BILDU;VOX;EB-AZ;PACMA;PODEMOS-AHAL DUGU - ALIANZA VERDE;IZAN;SUMAR
Araba;AGURAIN/SALVATIERRA;	051;;;3621;2151;13;2138;24;2114;1470;683;89;;;133;1;0;1065;44;2;12;33;;52
Araba;ALEGR페-DULANTZI;	001;;;2128;1222;15;1207;13;1194;906;412;84;;;160;1;1;401;56;5;4;35;;35
Araba;AMURRIO;	002;;;7904;5334;48;5286;57;5229;2570;1922;273;;;539;2;7;2053;116;19;30;128;;140
Araba;A헤NA;	049;;;126;91;1;90;2;88;35;29;9;;;6;1;0;35;2;0;2;1;;3
Araba;ARAMAIO;	003;;;1138;715;28;687;6;681;423;198;2;;;16;1;1;415;5;1;2;23;;17
Araba;ARMI홥N;	006;;;193;112;5;107;2;105;81;35;18;;;11;0;0;26;10;1;1;0;;3
Araba;ARRAIA-MAEZTU;	037;;;632;420;8;412;7;405;212;171;47;;;14;0;0;144;8;0;1;13;;7
Araba;ARRATZUA-UBARRUNDIA;	008;;;849;516;8;508;6;502;333;168;53;;;56;1;0;185;14;4;2;8;;11
Araba;ARTZINIEGA;	004;;;1427;961;18;943;16;927;466;352;71;;;73;0;1;371;17;0;7;15;;20
Araba;ASPARRENA;	009;;;1282;865;6;859;6;853;417;259;19;;;57;1;3;460;11;2;3;19;;19
Araba;AYALA/AIARA;	010;;;2334;1545;31;1514;24;1490;789;621;73;;;93;4;0;610;27;3;5;21;;33
Araba;BA헲S DE EBRO/MA헷ETA;	011;;;223;167;7;160;5;155;56;69;56;;;12;0;0;7;8;1;0;0;;2
Araba;BARRUNDIA;	013;;;738;442;3;439;2;437;296;122;28;;;26;0;0;230;7;2;2;8;;12
Araba;BERANTEVILLA;	014;;;372;246;1;245;3;242;126;93;45;;;20;0;0;65;7;0;1;3;;8
Araba;BERNEDO;	016;;;456;234;1;233;5;228;222;69;29;;;23;1;0;88;2;1;3;4;;8
Araba;CAMPEZO/KANPEZU;	017;;;877;547;5;542;4;538;330;180;55;;;34;0;3;230;9;0;2;10;;15
Araba;ELBURGO/BURGELU;	021;;;511;295;6;289;3;286;216;110;45;;;16;2;0;75;22;2;4;4;;6
Araba;ELCIEGO;	022;;;724;498;13;485;3;482;226;152;105;;;113;1;0;75;10;2;0;10;;14
Araba;ELVILLAR/BILAR;	023;;;259;181;5;176;;176;78;88;31;;;6;0;0;45;3;0;1;1;;1
Araba;ERRIBERAGOITIA/RIBERA ALTA;	046;;;687;423;9;414;6;408;264;161;52;;;32;0;0;118;20;1;4;12;;8
Araba;HARANA/VALLE DE ARANA;	056;;;189;112;2;110;1;109;77;47;11;;;2;0;0;38;5;1;0;1;;4
Araba;IRU헤 OKA/IRU헤 DE OCA;	901;;;2590;1435;23;1412;11;1401;1155;350;213;;;297;2;0;371;76;9;11;26;;46
Araba;IRURAIZ-GAUNA;	027;;;467;271;6;265;4;261;196;86;24;;;17;1;1;111;5;0;1;8;;7
Araba;KRIPAN;	019;;;153;114;1;113;1;112;39;76;10;;;1;0;0;21;0;0;0;2;;2
Araba;KUARTANGO;	020;;;332;228;2;226;;226;104;75;18;;;6;0;0;111;6;2;2;2;;4
Araba;LABASTIDA/BASTIDA;	028;;;1150;703;11;692;5;687;447;148;166;;;96;1;0;220;22;1;1;18;;14
Araba;LAGR쳁;	030;;;148;103;;103;;103;45;34;21;;;3;0;0;35;2;1;1;1;;5
Araba;LAGUARDIA;	031;;;1117;826;14;812;6;806;291;243;248;;;58;0;0;216;26;1;2;7;;5
Araba;LANCIEGO/LANTZIEGO;	032;;;485;323;8;315;;315;162;131;41;;;57;0;0;78;3;1;1;2;;1
Araba;LANTAR흁;	902;;;764;420;4;416;1;415;344;139;89;;;46;0;4;105;10;1;2;6;;13
Araba;LAPUEBLA DE LABARCA;	033;;;635;445;6;439;7;432;190;216;64;;;39;1;0;88;12;3;3;1;;5
Araba;LAUDIO/LLODIO;	036;;;14417;9325;102;9223;90;9133;5092;3327;571;;;1112;10;10;3327;217;29;59;194;;277
Araba;LEGUTIO;	058;;;1494;852;7;845;9;836;642;223;49;;;71;0;2;429;16;0;1;25;;20
Araba;LEZA;	034;;;153;107;1;106;;106;46;38;5;;;19;0;0;38;0;0;0;3;;3
Araba;MOREDA DE 첿AVA/MOREDA ARABA;	039;;;185;129;;129;1;128;56;43;18;;;22;0;0;40;2;0;0;2;;1
Araba;MUNICIPIO CERA ARABA;	999;;;8532;;;;;;8532;0;0;;;0;0;0;0;0;0;0;0;;0
Araba;NAVARIDAS;	041;;;148;93;;93;2;91;55;42;29;;;3;0;0;9;3;1;0;1;;3
Araba;OKONDO;	042;;;937;677;4;673;13;660;260;347;20;;;14;2;3;248;3;2;1;6;;14
Araba;OY흁-OION;	043;;;2420;1322;21;1301;12;1289;1098;326;211;;;203;1;0;408;50;5;6;41;;38
Araba;PE헤CERRADA-URIZAHARRA;	044;;;261;167;2;165;2;163;94;41;17;;;23;0;0;64;5;1;1;8;;3
Araba;RIBERA BAJA/ERRIBERABEITIA;	047;;;1070;597;8;589;4;585;473;190;147;;;61;0;0;106;35;1;4;16;;25
Araba;SAMANIEGO;	052;;;212;169;1;168;;168;43;67;5;;;25;0;0;66;1;0;0;1;;3
Araba;SAN MILL쳁/DONEMILIAGA;	053;;;599;376;4;372;7;365;223;118;25;;;8;1;1;186;5;0;3;12;;6
Araba;URKABUSTAIZ;	054;;;1065;718;8;710;5;705;347;179;34;;;44;0;2;400;7;0;0;11;;28
Araba;VALDEGOV페/GAUBEA;	055;;;903;547;4;543;11;532;356;210;70;;;47;0;0;166;15;2;1;9;;12
Araba;VILLABUENA DE 첿AVA/ESKUERNAGA;	057;;;230;181;1;180;2;178;49;71;12;;;10;0;0;75;6;2;0;0;;2
Araba;VITORIA-GASTEIZ;	059;;;190280;114755;1133;113622;955;112667;75525;27444;20703;;;20831;254;142;29959;4610;564;762;2831;;4567
Araba;Y텎ORA/IEKORA;	060;;;202;145;3;142;1;141;57;70;34;;;9;0;0;22;2;0;0;1;;3
Araba;ZALDUONDO;	061;;;171;146;;146;3;143;25;44;2;;;8;2;0;75;1;1;3;3;;4
Araba;ZAMBRANA;	062;;;357;184;2;182;2;180;173;42;42;;;28;0;0;41;13;1;3;3;;7
Araba;ZIGOITIA;	018;;;1477;915;11;904;10;894;562;239;101;;;68;0;0;389;28;4;7;30;;28
Araba;ZUIA;	063;;;1999;1312;8;1304;9;1295;687;439;114;;;115;4;0;512;39;3;5;25;;39
Bizkaia;ABADI헲;	001;;;5955;3723;31;3692;22;3670;2232;1272;178;4;1;445;2;;1505;58;5;16;97;9;78
Bizkaia;ABANTO Y CIRVANA-ABANTO ZIERBENA;	002;;;7793;4835;68;4767;57;4710;2958;1782;153;4;2;749;5;;1628;72;12;22;114;7;160
Bizkaia;AJANGIZ;	911;;;394;287;2;285;2;283;107;75;1;0;1;1;0;;199;0;0;2;2;0;2
Bizkaia;ALONSOTEGI;	912;;;2360;1609;17;1592;25;1567;751;634;47;0;1;131;2;;650;32;1;3;30;0;36
Bizkaia;AMOREBIETA-ETXANO;	003;;;14672;9936;63;9873;71;9802;4736;4011;283;9;10;926;10;;3918;95;19;56;214;15;236
Bizkaia;AMOROTO;	004;;;327;228;;228;1;227;99;84;0;0;0;1;0;;140;0;0;0;0;0;2
Bizkaia;ARAKALDO;	005;;;123;73;1;72;;72;50;29;0;0;0;5;0;;30;3;0;0;0;0;5
Bizkaia;ARANTZAZU;	006;;;301;241;2;239;4;235;60;68;2;0;0;7;0;;148;0;0;1;5;0;4
Bizkaia;AREATZA;	093;;;891;669;5;664;3;661;222;248;23;0;1;22;1;;342;7;0;1;3;3;10
Bizkaia;ARRANKUDIAGA;	009;;;792;592;3;589;11;578;200;231;7;0;0;11;0;;308;3;0;2;7;2;7
Bizkaia;ARRATZU;	914;;;337;272;;272;1;271;65;136;0;0;0;3;0;;126;1;0;0;1;0;4
Bizkaia;ARRIETA;	010;;;483;342;1;341;3;338;141;157;2;0;0;8;0;;153;2;2;1;6;0;7
Bizkaia;ARRIGORRIAGA;	011;;;9516;6102;53;6049;71;5978;3414;2388;266;15;4;742;12;;2014;102;14;31;135;7;248
Bizkaia;ARTEA;	023;;;587;457;9;448;1;447;130;200;8;0;0;5;1;;216;2;2;1;7;0;5
Bizkaia;ARTZENTALES;	008;;;627;415;4;411;7;404;212;192;10;0;0;13;0;;140;5;2;3;16;11;12
Bizkaia;ATXONDO;	091;;;1091;711;8;703;9;694;380;268;15;0;0;43;0;;355;1;0;1;3;0;8
Bizkaia;AULESTI;	070;;;517;346;;346;2;344;171;94;5;0;0;2;0;;223;0;1;0;1;17;1
Bizkaia;BAKIO;	012;;;2236;1629;9;1620;18;1602;607;709;36;0;0;46;4;;743;10;3;5;19;2;25
Bizkaia;BALMASEDA;	090;;;5889;4011;64;3947;30;3917;1878;1938;172;4;7;524;8;;1001;54;17;10;57;18;107
Bizkaia;BARAKALDO;	013;;;78165;46236;378;45858;510;45348;31929;16422;4020;48;77;9717;74;;10146;1133;120;275;1146;62;2108
Bizkaia;BARRIKA;	014;;;1249;795;8;787;11;776;454;329;58;0;0;67;0;;273;14;0;3;17;2;13
Bizkaia;BASAURI;	015;;;32377;19482;124;19358;150;19208;12895;7469;1428;37;34;3779;18;;4760;418;24;102;451;27;661
Bizkaia;BEDIA;	092;;;893;615;6;609;6;603;278;342;26;0;0;27;1;;188;5;2;1;3;0;8
Bizkaia;BERANGO;	016;;;5919;3917;27;3890;41;3849;2002;1642;394;0;4;392;2;;1101;58;7;24;87;7;131
Bizkaia;BERMEO;	017;;;13032;8259;54;8205;56;8149;4773;3845;96;8;4;341;5;;3502;57;16;27;103;18;127
Bizkaia;BERRIATUA;	018;;;879;543;4;539;7;532;336;207;2;0;0;5;0;;310;0;0;2;5;0;1
Bizkaia;BERRIZ;	019;;;3426;2236;24;2212;22;2190;1190;807;85;1;4;228;4;;892;26;0;14;74;0;55
Bizkaia;BILBAO;	020;;;267386;164927;977;163950;1598;162352;102459;64204;20827;138;182;24288;413;;36438;4039;439;890;4015;177;6302
Bizkaia;BUSTURIA;	021;;;1341;886;7;879;5;874;455;390;25;0;0;46;2;;378;4;0;3;11;0;15
Bizkaia;DERIO;	901;;;5476;3634;34;3600;40;3560;1842;1390;225;9;1;545;6;;1095;56;10;15;58;5;145
Bizkaia;DIMA;	026;;;1202;892;8;884;6;878;310;277;10;0;0;12;0;;547;4;0;2;12;4;10
Bizkaia;DURANGO;	027;;;22738;15045;110;14935;143;14792;7693;5559;963;12;13;1509;20;;5600;171;33;53;422;22;415
Bizkaia;EA;	028;;;695;525;1;524;13;511;170;200;5;0;0;6;1;;286;2;1;1;7;0;2
Bizkaia;ELANTXOBE;	031;;;291;201;1;200;1;199;90;91;3;0;0;1;0;;101;1;0;0;0;0;2
Bizkaia;ELORRIO;	032;;;5686;3841;30;3811;37;3774;1845;1349;169;1;1;286;0;;1750;20;2;8;107;9;72
Bizkaia;ERANDIO;	902;;;19159;11488;110;11378;95;11283;7671;4454;653;20;15;2018;20;;3151;213;29;93;239;28;350
Bizkaia;ERE헲;	033;;;224;171;3;168;;168;53;76;4;0;0;3;0;;76;1;0;1;3;1;3
Bizkaia;ERMUA;	034;;;12324;7674;59;7615;67;7548;4650;2081;865;13;36;1837;8;;1804;179;21;46;219;8;431
Bizkaia;ERRIGOITI;	079;;;407;304;5;299;2;297;103;147;0;1;0;5;0;;139;0;0;0;2;0;3
Bizkaia;ETXEBARRI;	029;;;9068;5711;37;5674;67;5607;3357;2320;454;8;5;976;7;;1214;157;34;43;132;7;250
Bizkaia;ETXEBARRIA;	030;;;567;427;3;424;7;417;140;198;3;0;1;4;0;;201;0;0;1;2;2;5
Bizkaia;FORUA;	906;;;762;576;3;573;5;568;186;248;12;0;0;21;1;;262;3;1;0;11;0;9
Bizkaia;FRUIZ;	035;;;433;337;3;334;3;331;96;147;8;0;1;3;0;;150;5;1;3;7;0;6
Bizkaia;GALDAKAO;	036;;;23951;14889;90;14799;141;14658;9062;5506;837;12;16;1911;20;;5191;263;40;66;346;19;431
Bizkaia;GALDAMES;	037;;;682;486;10;476;4;472;196;232;9;0;0;25;0;;178;3;2;3;9;0;11
Bizkaia;GAMIZ-FIKA;	038;;;1156;861;7;854;7;847;295;428;21;1;0;31;0;;337;5;1;2;11;2;8
Bizkaia;GARAI;	039;;;272;244;2;242;;242;28;117;7;0;0;7;0;;100;4;0;0;5;0;2
Bizkaia;GATIKA;	040;;;1303;882;5;877;11;866;421;430;21;0;1;33;0;;334;5;0;6;11;11;14
Bizkaia;GAUTEGIZ ARTEAGA;	041;;;723;570;4;566;9;557;153;260;10;0;0;14;0;;248;4;0;0;10;1;10
Bizkaia;GERNIKA-LUMO;	046;;;12545;8594;60;8534;63;8471;3951;3514;206;4;4;567;2;;3800;55;16;27;111;18;147
Bizkaia;GETXO;	044;;;60510;41680;173;41507;411;41096;18830;16237;8820;23;43;4345;46;;8571;934;76;155;723;45;1078
Bizkaia;GIZABURUAGA;	047;;;139;101;;101;1;100;38;27;0;0;0;0;0;;66;0;0;0;5;0;2
Bizkaia;GORDEXOLA;	042;;;1387;1036;9;1027;10;1017;351;550;70;1;0;65;1;;256;12;2;6;18;1;35
Bizkaia;GORLIZ;	043;;;4852;3240;17;3223;32;3191;1612;1430;182;0;3;217;2;;1115;33;7;20;66;6;110
Bizkaia;G㏊헨S;	045;;;5246;3595;52;3543;35;3508;1651;1617;145;3;6;322;14;;1160;45;8;17;56;6;109
Bizkaia;IBARRANGELU;	048;;;589;438;1;437;3;434;151;170;8;0;0;14;2;;223;3;0;2;4;1;7
Bizkaia;IGORRE;	094;;;3059;2157;22;2135;9;2126;902;979;34;0;0;78;3;;951;18;4;11;28;0;20
Bizkaia;ISPASTER;	049;;;566;434;4;430;4;426;132;190;2;1;1;3;0;;216;2;0;4;2;1;4
Bizkaia;IURRETA;	910;;;2890;1859;14;1845;16;1829;1031;694;89;1;1;230;1;;707;21;1;3;33;4;44
Bizkaia;IZURTZA;	050;;;163;125;1;124;;124;38;51;0;0;0;2;0;;70;0;0;0;1;0;0
Bizkaia;KARRANTZA HARANA/VALLE DE CARRANZA;	022;;;2235;1367;14;1353;13;1340;868;743;38;2;0;80;1;;424;15;3;2;19;3;10
Bizkaia;KORTEZUBI;	907;;;351;284;5;279;;279;67;136;0;0;0;5;0;;135;0;0;0;1;0;2
Bizkaia;LANESTOSA;	051;;;215;141;1;140;2;138;74;65;8;0;0;11;0;;42;2;0;0;5;1;4
Bizkaia;LARRABETZU;	052;;;1597;1192;12;1180;5;1175;405;388;17;0;0;17;0;;697;8;7;2;17;4;18
Bizkaia;LAUKIZ;	053;;;976;732;8;724;9;715;244;401;87;0;1;35;1;;168;8;1;5;1;0;7
Bizkaia;LEIOA;	054;;;25463;16394;121;16273;172;16101;9069;6560;1806;6;10;2368;30;;3733;356;34;78;411;14;695
Bizkaia;LEKEITIO;	057;;;5719;4105;20;4085;33;4052;1614;1531;29;1;0;63;0;;2305;8;3;3;61;1;47
Bizkaia;LEMOA;	055;;;2593;1758;25;1733;14;1719;835;791;62;1;1;90;3;;676;24;4;7;30;3;27
Bizkaia;LEMOIZ;	056;;;1051;747;10;737;8;729;304;319;19;0;0;22;0;;322;4;1;8;10;3;21
Bizkaia;LEZAMA;	081;;;1932;1427;12;1415;17;1398;505;771;30;3;0;74;0;;446;15;4;3;15;3;34
Bizkaia;LOIU;	903;;;1842;1315;14;1301;7;1294;527;749;123;0;0;65;1;;287;17;4;8;7;2;31
Bizkaia;MALLABIA;	058;;;919;630;6;624;2;622;289;224;11;0;0;37;0;;324;2;0;2;11;0;11
Bizkaia;MA헤RIA;	059;;;407;296;1;295;3;292;111;128;6;0;0;3;0;;154;0;0;0;0;0;1
Bizkaia;MARKINA-XEMEIN;	060;;;3616;2333;8;2325;19;2306;1283;1015;33;0;0;45;0;;1135;9;3;1;25;8;32
Bizkaia;MARURI-JATABE;	061;;;858;610;9;601;6;595;248;285;26;0;1;24;0;;207;8;1;4;20;4;15
Bizkaia;MENDATA;	062;;;309;244;7;237;5;232;65;100;3;0;0;2;0;;119;0;0;0;2;0;6
Bizkaia;MENDEXA;	063;;;346;247;3;244;2;242;99;87;0;1;0;4;0;;137;0;0;2;3;0;8
Bizkaia;ME헤KA;	064;;;632;467;1;466;4;462;165;172;11;0;0;8;1;;259;1;0;0;1;4;5
Bizkaia;MORGA;	066;;;360;278;2;276;4;272;82;150;2;0;0;3;0;;110;0;0;1;5;0;1
Bizkaia;MUNDAKA;	068;;;1526;1107;19;1088;21;1067;419;461;21;0;1;21;0;;519;0;1;5;15;0;23
Bizkaia;MUNGIA;	069;;;13451;8706;85;8621;75;8546;4745;4042;618;3;5;577;13;;2745;122;19;29;135;17;221
Bizkaia;MUNICIPIO CERA BIZKAIA;	999;;;43722;;;;;;43722;0;0;0;0;0;0;;0;0;0;0;0;0;0
Bizkaia;MUNITIBAR-ARBATZEGI GERRIKAITZ-;	007;;;390;237;;237;3;234;153;70;1;0;1;1;0;;149;0;0;1;5;2;4
Bizkaia;MURUETA;	908;;;266;230;1;229;3;226;36;113;1;0;0;5;0;;102;0;0;0;1;0;4
Bizkaia;MUSKIZ;	071;;;5961;3914;62;3852;46;3806;2047;1534;129;3;6;834;5;;1064;42;6;23;74;7;79
Bizkaia;MUXIKA;	067;;;1193;850;3;847;15;832;343;295;10;0;0;14;0;;487;4;1;1;8;0;12
Bizkaia;NABARNIZ;	909;;;212;172;1;171;5;166;40;52;0;0;0;0;0;;109;0;0;0;3;2;0
Bizkaia;ONDARROA;	073;;;6553;4125;34;4091;37;4054;2428;1538;71;0;0;102;1;;2174;22;1;14;74;3;54
Bizkaia;OROZKO;	075;;;2111;1450;24;1426;20;1406;661;666;53;0;2;48;0;;576;17;2;2;14;4;22
Bizkaia;ORTUELLA;	083;;;6903;4169;48;4121;42;4079;2734;1502;144;0;9;708;4;;1258;60;11;18;158;1;206
Bizkaia;OTXANDIO;	072;;;960;708;3;705;7;698;252;198;6;0;0;14;1;;467;1;0;1;7;0;3
Bizkaia;PLENTZIA;	077;;;3417;2356;10;2346;17;2329;1061;1011;141;0;3;156;4;;880;28;5;10;34;4;53
Bizkaia;PORTUGALETE;	078;;;36290;21984;160;21824;207;21617;14306;7553;1843;22;46;5341;31;;4859;373;42;114;529;12;852
Bizkaia;SANTURTZI;	082;;;36916;22651;171;22480;195;22285;14265;8228;1451;14;41;4173;31;;6449;382;30;107;541;34;804
Bizkaia;SESTAO;	084;;;21085;12309;138;12171;111;12060;8776;3997;777;13;20;2599;16;;3385;216;22;82;383;10;540
Bizkaia;SONDIKA;	904;;;3641;2578;27;2551;38;2513;1063;1185;177;2;3;224;0;;776;34;1;18;42;0;51
Bizkaia;SOPELA;	085;;;11431;7362;73;7289;102;7187;4069;2997;338;9;8;695;12;;2515;86;31;39;175;9;273
Bizkaia;SOPUERTA;	086;;;2176;1275;136;1139;19;1120;901;400;58;0;1;105;3;;427;23;0;14;41;2;46
Bizkaia;SUKARRIETA;	076;;;305;220;5;215;5;210;85;110;6;0;1;8;0;;76;3;1;0;1;0;4
Bizkaia;TRUCIOS-TURTZIOZ;	087;;;442;323;;323;;323;119;222;8;0;1;14;0;;65;4;0;1;2;0;6
Bizkaia;UBIDE;	088;;;127;96;1;95;;95;31;20;0;0;0;4;0;;67;0;0;1;3;0;0
Bizkaia;UGAO-MIRABALLES;	065;;;3230;2143;20;2123;13;2110;1087;900;69;0;0;188;0;;808;20;2;11;54;1;57
Bizkaia;URDULIZ;	089;;;4435;2912;26;2886;35;2851;1523;1229;146;1;5;209;2;;997;38;1;18;87;3;115
Bizkaia;URDU헤/ORDU헤;	074;;;3232;2174;22;2152;19;2133;1058;918;86;1;3;150;4;;848;31;6;4;31;1;50
Bizkaia;VALLE DE TR쳃AGA-TRAPAGARAN;	080;;;9830;6055;49;6006;48;5958;3775;2112;289;4;5;1321;6;;1691;119;9;27;145;4;226
Bizkaia;ZALDIBAR;	095;;;2231;1370;15;1355;16;1339;861;443;70;2;0;205;0;;562;6;4;1;17;5;24
Bizkaia;ZALLA;	096;;;6482;4529;53;4476;39;4437;1953;2329;165;3;5;420;5;;1212;76;5;21;80;15;101
Bizkaia;ZAMUDIO;	905;;;2557;1749;28;1721;18;1703;808;821;64;0;0;105;1;;642;14;5;1;17;0;33
Bizkaia;ZARATAMO;	097;;;1306;788;10;778;10;768;518;315;33;1;0;70;0;;286;13;2;8;14;3;23
Bizkaia;ZEANURI;	024;;;1000;749;7;742;12;730;251;298;9;0;0;7;1;;393;0;1;0;7;3;11
Bizkaia;ZEBERIO;	025;;;879;656;8;648;6;642;223;286;7;0;0;8;0;;316;3;1;3;10;4;4
Bizkaia;ZIERBENA;	913;;;1254;882;11;871;18;853;372;411;21;1;1;40;0;;330;17;0;4;10;0;18
Bizkaia;ZIORTZA - BOLIBAR;	915;;;320;234;1;233;2;231;86;79;2;0;0;4;0;;142;0;0;0;1;0;3
Gipuzkoa;ABALTZISKETA;	001;;;249;156;1;155;2;153;93;74;0;;;0;0;;77;0;0;0;1;1;0
Gipuzkoa;ADUNA;	002;;;374;253;2;251;11;240;121;57;0;;;4;0;;172;3;0;0;3;0;1
Gipuzkoa;AIA;	016;;;1565;923;4;919;10;909;642;398;11;;;18;2;;435;5;8;3;8;4;17
Gipuzkoa;AIZARNAZABAL;	003;;;573;355;3;352;3;349;218;108;1;;;10;0;;219;1;1;1;5;0;3
Gipuzkoa;ALBIZTUR;	004;;;246;147;;147;5;142;99;65;1;;;12;0;;62;2;0;0;0;0;0
Gipuzkoa;ALEGIA;	005;;;1274;771;3;768;8;760;503;243;15;;;38;3;;426;10;0;2;12;0;11
Gipuzkoa;ALKIZA;	006;;;254;150;2;148;2;146;104;48;0;;;2;0;;89;1;0;1;3;1;1
Gipuzkoa;ALTZAGA;	906;;;124;87;;87;2;85;37;31;1;;;2;0;;49;0;0;0;2;0;0
Gipuzkoa;ALTZO;	007;;;346;223;2;221;3;218;123;53;2;;;0;0;;153;2;0;1;2;0;5
Gipuzkoa;AMEZKETA;	008;;;747;447;3;444;9;435;300;140;2;;;7;1;;277;2;2;0;2;0;2
Gipuzkoa;ANDOAIN;	009;;;11274;6540;55;6485;64;6421;4734;1620;335;;;1106;5;;2772;107;20;29;181;5;241
Gipuzkoa;ANOETA;	010;;;1544;986;3;983;8;975;558;257;25;;;70;1;;573;13;1;1;13;1;20
Gipuzkoa;ANTZUOLA;	011;;;1598;1106;10;1096;12;1084;492;310;14;;;77;0;;638;7;2;2;14;1;19
Gipuzkoa;ARAMA;	012;;;132;80;;80;3;77;52;22;0;;;3;0;;50;1;1;0;0;0;0
Gipuzkoa;ARETXABALETA;	013;;;5561;3667;26;3641;22;3619;1894;1218;70;;;270;5;;1873;22;7;9;56;1;88
Gipuzkoa;ARRASATE/MONDRAGON;	055;;;16921;10352;50;10302;71;10231;6569;3149;383;;;1315;17;;4557;89;27;42;281;17;354
Gipuzkoa;ASTEASU;	014;;;1200;684;4;680;6;674;516;200;12;;;20;0;;421;0;0;1;5;2;13
Gipuzkoa;ASTIGARRAGA;	903;;;5687;3471;27;3444;32;3412;2216;994;134;;;300;3;;1657;49;20;20;73;11;151
Gipuzkoa;ATAUN;	015;;;1253;910;4;906;8;898;343;246;3;;;17;0;;620;5;1;1;3;0;2
Gipuzkoa;AZKOITIA;	017;;;8507;5368;15;5353;38;5315;3139;2117;132;;;408;5;;2418;45;11;19;86;10;64
Gipuzkoa;AZPEITIA;	018;;;11419;6973;45;6928;50;6878;4446;2767;106;;;244;6;;3579;41;5;13;61;6;50
Gipuzkoa;BALIARRAIN;	904;;;96;68;1;67;1;66;28;14;0;;;0;0;;50;0;1;0;0;1;0
Gipuzkoa;BEASAIN;	019;;;9864;5904;40;5864;76;5788;3960;2303;213;;;677;7;;2155;54;11;21;192;10;145
Gipuzkoa;BEIZAMA;	020;;;108;65;1;64;;64;43;26;0;;;0;0;;37;0;1;0;0;0;0
Gipuzkoa;BELAUNTZA;	021;;;209;119;;119;6;113;90;41;2;;;3;0;;64;0;0;1;0;1;1
Gipuzkoa;BERASTEGI;	022;;;899;605;2;603;6;597;294;201;4;;;12;0;;364;1;1;0;7;0;7
Gipuzkoa;BERGARA;	074;;;11245;7515;23;7492;47;7445;3730;2458;152;;;637;4;;3813;40;17;22;131;7;164
Gipuzkoa;BERROBI;	023;;;435;221;2;219;2;217;214;50;3;;;11;7;;143;1;0;1;0;0;1
Gipuzkoa;BIDANIA-GOIATZ;	024;;;417;235;2;233;2;231;182;65;4;;;2;0;;149;3;1;0;2;1;4
Gipuzkoa;DEBA;	029;;;4331;2938;16;2922;37;2885;1393;1203;42;;;200;5;;1292;19;5;9;45;8;57
Gipuzkoa;DONOSTIA/SAN SEBASTI쳁;	069;;;146560;92061;474;91587;1153;90434;54499;28184;11297;;;14725;143;;27363;1896;436;605;2035;187;3563
Gipuzkoa;EIBAR;	030;;;20557;12831;55;12776;130;12646;7726;3806;736;;;2948;16;;4145;170;43;55;297;56;374
Gipuzkoa;ELDUAIN;	031;;;185;103;;103;2;101;82;31;0;;;1;0;;69;0;0;0;0;0;0
Gipuzkoa;ELGETA;	033;;;861;605;3;602;5;597;256;175;10;;;26;0;;354;2;2;5;9;2;12
Gipuzkoa;ELGOIBAR;	032;;;8546;5490;31;5459;37;5422;3056;2162;192;;;626;5;;2149;46;13;19;90;20;100
Gipuzkoa;ERRENTERIA;	067;;;30524;17322;92;17230;172;17058;13202;3727;1021;;;3502;10;;7063;278;62;144;482;24;745
Gipuzkoa;ERREZIL;	066;;;451;285;3;282;3;279;166;78;0;;;0;0;;196;1;0;0;2;0;2
Gipuzkoa;ESKORIATZA;	034;;;3231;1981;8;1973;16;1957;1250;650;43;;;170;1;;970;11;3;5;34;6;64
Gipuzkoa;EZKIO-ITSASO;	035;;;465;317;;317;8;309;148;108;0;;;10;0;;171;3;0;0;3;2;12
Gipuzkoa;GABIRIA;	038;;;407;272;1;271;2;269;135;81;2;;;8;0;;172;0;1;0;5;0;0
Gipuzkoa;GAINTZA;	037;;;101;56;1;55;3;52;45;20;0;;;1;0;;29;0;0;0;2;0;0
Gipuzkoa;GAZTELU;	907;;;125;78;2;76;1;75;47;23;0;;;1;0;;44;0;0;1;6;0;0
Gipuzkoa;GETARIA;	039;;;2162;1630;12;1618;13;1605;532;616;7;;;36;2;;901;3;10;2;13;0;15
Gipuzkoa;HERNANI;	040;;;15762;9511;49;9462;80;9382;6251;2202;290;;;1027;15;;5035;86;28;46;327;18;308
Gipuzkoa;HERNIALDE;	041;;;260;144;;144;1;143;116;59;0;;;2;0;;76;3;1;0;0;1;1
Gipuzkoa;HONDARRIBIA;	036;;;13493;8466;46;8420;101;8319;5027;3599;491;;;891;16;;2742;100;31;33;164;12;240
Gipuzkoa;IBARRA;	042;;;3103;1803;6;1797;19;1778;1300;550;46;;;159;1;;935;17;3;5;25;4;33
Gipuzkoa;IDIAZABAL;	043;;;1696;1121;13;1108;14;1094;575;440;19;;;26;1;;579;2;3;2;18;0;4
Gipuzkoa;IKAZTEGIETA;	044;;;351;229;;229;2;227;122;61;1;;;8;0;;149;1;0;0;5;0;2
Gipuzkoa;IRUN;	045;;;47296;26500;196;26304;290;26014;20796;8425;2635;;;5791;43;;5945;1050;109;196;745;57;1018
Gipuzkoa;IRURA;	046;;;1292;722;3;719;8;711;570;215;13;;;45;2;;390;17;3;2;11;0;13
Gipuzkoa;ITSASONDO;	047;;;453;294;2;292;3;289;159;68;5;;;5;0;;199;0;0;0;5;0;7
Gipuzkoa;LARRAUL;	048;;;192;112;;112;;112;80;32;2;;;5;0;;65;0;0;2;2;0;4
Gipuzkoa;LASARTE-ORIA;	902;;;14770;8673;41;8632;69;8563;6097;2136;619;;;2183;10;;2772;204;27;61;205;15;331
Gipuzkoa;LAZKAO;	049;;;4230;2731;23;2708;17;2691;1499;991;43;;;152;1;;1354;19;4;8;51;7;61
Gipuzkoa;LEABURU;	050;;;283;188;2;186;6;180;95;42;1;;;2;6;;119;0;0;1;3;0;6
Gipuzkoa;LEGAZPI;	051;;;6519;4233;22;4211;32;4179;2286;1345;167;;;507;20;;1865;41;9;14;95;4;112
Gipuzkoa;LEGORRETA;	052;;;1025;670;3;667;13;654;355;241;9;;;23;2;;342;8;0;4;13;0;12
Gipuzkoa;LEINTZ-GATZAGA;	068;;;170;108;2;106;5;101;62;35;0;;;1;0;;63;0;0;0;1;0;1
Gipuzkoa;LEZO;	053;;;4779;2776;13;2763;30;2733;2003;747;71;;;265;1;;1483;22;2;7;51;8;76
Gipuzkoa;LIZARTZA;	054;;;477;294;3;291;2;289;183;43;0;;;0;0;;245;1;0;0;0;0;0
Gipuzkoa;MENDARO;	901;;;1443;895;4;891;5;886;548;343;26;;;74;1;;392;5;2;2;10;3;28
Gipuzkoa;MUNICIPIO CERA GIPUZKOA;	999;;;30657;;;;;;30657;0;0;;;0;0;;0;0;0;0;0;0;0
Gipuzkoa;MUTILOA;	057;;;204;140;;140;6;134;64;34;0;;;4;0;;92;0;0;0;2;0;2
Gipuzkoa;MUTRIKU;	056;;;4082;2618;10;2608;19;2589;1464;988;64;;;91;6;;1337;7;3;8;32;5;48
Gipuzkoa;OIARTZUN;	063;;;8249;5277;21;5256;50;5206;2972;1134;84;;;192;3;;3544;30;14;8;91;9;97
Gipuzkoa;OLABERRIA;	058;;;704;455;1;454;3;451;249;184;20;;;46;0;;175;2;4;2;8;1;9
Gipuzkoa;O헤TI;	059;;;8793;5904;23;5881;38;5843;2889;1917;97;;;273;2;;3360;9;2;9;72;7;95
Gipuzkoa;ORDIZIA;	076;;;6995;4408;20;4388;52;4336;2587;1484;135;;;432;5;;1877;44;11;13;180;10;145
Gipuzkoa;ORENDAIN;	905;;;173;123;;123;3;120;50;22;0;;;0;0;;95;1;0;1;0;0;1
Gipuzkoa;OREXA;	060;;;84;64;2;62;2;60;20;0;0;;;0;0;;60;0;0;0;0;0;0
Gipuzkoa;ORIO;	061;;;4570;2917;15;2902;26;2876;1653;1013;41;;;151;1;;1558;18;4;10;41;6;33
Gipuzkoa;ORMAIZTEGI;	062;;;924;626;3;623;6;617;298;253;12;;;23;0;;300;6;0;5;4;1;13
Gipuzkoa;PASAIA;	064;;;12285;6762;52;6710;85;6625;5523;1817;298;;;973;8;;2913;110;17;46;155;14;274
Gipuzkoa;SEGURA;	070;;;1051;735;4;731;9;722;316;225;4;;;20;0;;458;3;2;0;5;1;4
Gipuzkoa;SORALUZE-PLACENCIA DE LAS ARMAS;	065;;;2769;1723;12;1711;8;1703;1046;520;68;;;259;0;;768;12;5;4;33;5;29
Gipuzkoa;TOLOSA;	071;;;15064;9651;50;9601;96;9505;5413;3311;238;;;688;12;;4697;63;18;44;178;11;245
Gipuzkoa;URNIETA;	072;;;4924;2774;25;2749;34;2715;2150;934;131;;;378;3;;1053;33;11;24;54;3;91
Gipuzkoa;URRETXU;	077;;;5327;3411;23;3388;31;3357;1916;1194;109;;;463;4;;1353;22;13;15;67;4;113
Gipuzkoa;USURBIL;	073;;;4940;3144;17;3127;27;3100;1796;685;71;;;210;1;;1942;18;11;27;52;6;77
Gipuzkoa;VILLABONA;	075;;;4347;2617;12;2605;36;2569;1730;797;66;;;194;7;;1372;27;10;16;47;1;32
Gipuzkoa;ZALDIBIA;	078;;;1161;830;6;824;8;816;331;171;5;;;24;0;;592;2;1;0;9;0;12
Gipuzkoa;ZARAUTZ;	079;;;18441;12273;47;12226;104;12122;6168;4941;504;;;1039;7;;4963;103;39;37;206;23;260
Gipuzkoa;ZEGAMA;	025;;;1112;759;;759;4;755;353;259;3;;;19;0;;463;0;1;2;3;0;5
Gipuzkoa;ZERAIN;	026;;;220;174;6;168;3;165;46;68;0;;;3;0;;93;0;0;0;1;0;0
Gipuzkoa;ZESTOA;	027;;;2809;1680;8;1672;24;1648;1129;514;15;;;67;2;;989;7;1;5;32;1;15
Gipuzkoa;ZIZURKIL;	028;;;2212;1301;6;1295;18;1277;911;371;38;;;126;3;;680;4;3;0;21;3;28
Gipuzkoa;ZUMAIA;	081;;;7871;5041;10;5031;49;4982;2830;1659;116;;;479;3;;2469;29;21;16;92;2;96
Gipuzkoa;ZUMARRAGA;	080;;;7522;4557;21;4536;50;4486;2965;1315;190;;;1048;4;;1538;63;15;17;102;4;190
